Sequence_Length,Count
2,80
3,44
4,124
5,74
6,47
7,84
8,66
9,77
10,49
11,191
12,106
13,144
14,156
15,202
16,390
17,521
18,659
19,875
20,1336
21,1459
22,1666
23,2221
24,2250
25,2915
26,3406
27,3439
28,3790
29,4043
30,4387
31,4707
32,5028
33,5509
34,5649
35,5822
36,6314
37,6757
38,7091
39,7769
40,8355
41,9261
42,10273
43,10966
44,11779
45,12706
46,13310
47,13796
48,13897
49,14779
50,15424
51,15703
52,15948
53,16303
54,16655
55,16328
56,16826
57,16628
58,16638
59,17228
60,17003
61,16907
62,16555
63,16542
64,16191
65,15956
66,15715
67,15991
68,15605
69,15926
70,15834
71,16093
72,16208
73,16344
74,16258
75,16475
76,16444
77,16763
78,16768
79,16876
80,16921
81,16770
82,16726
83,16710
84,16878
85,17046
86,17038
87,17339
88,17187
89,16920
90,16941
91,17138
92,16812
93,16671
94,16264
95,16001
96,16083
97,15729
98,15716
99,15625
100,15446
101,15261
102,15178
103,15152
104,14808
105,14815
106,14517
107,14273
108,14257
109,14128
110,13951
111,14003
112,13775
113,13454
114,13341
115,13340
116,13135
117,12915
118,13036
119,12822
120,12320
121,12515
122,12333
123,12388
124,12254
125,12103
126,12110
127,11964
128,11912
129,11971
130,11724
131,11784
132,11585
133,11749
134,11604
135,11724
136,11510
137,11556
138,11437
139,11301
140,11377
141,11121
142,11225
143,11061
144,11022
145,11047
146,10889
147,11084
148,10835
149,10746
150,10752
151,10701
152,10770
153,10537
154,10553
155,10452
156,10430
157,10401
158,10497
159,10248
160,10269
161,10179
162,10255
163,10026
164,10142
165,10086
166,9989
167,9976
168,10092
169,9958
170,9930
171,9954
172,9736
173,9725
174,9739
175,9574
176,9605
177,9513
178,9680
179,9615
180,9464
181,9612
182,9377
183,9341
184,9427
185,9101
186,9179
187,9170
188,9371
189,9195
190,9071
191,9099
192,9045
193,9338
194,8894
195,9047
196,8851
197,8818
198,8674
199,8985
200,8743
201,8716
202,8856
203,8747
204,8733
205,8560
206,8654
207,8603
208,8733
209,8606
210,8252
211,8490
212,8366
213,8566
214,8413
215,8410
216,8331
217,8357
218,8247
219,8287
220,8187
221,8258
222,8124
223,8254
224,8218
225,8114
226,8007
227,8031
228,8035
229,8072
230,7970
231,7927
232,8011
233,7898
234,7980
235,7781
236,7774
237,7859
238,7864
239,7857
240,7839
241,7739
242,7819
243,7627
244,7745
245,7584
246,7757
247,7708
248,7614
249,7471
250,7564
251,7556
252,7709
253,7655
254,7445
255,7505
256,7379
257,7451
258,7332
259,7331
260,7298
261,7350
262,7262
263,7314
264,7255
265,7170
266,7289
267,7179
268,7113
269,7119
270,7042
271,7221
272,7141
273,6954
274,6871
275,7111
276,7039
277,6944
278,6897
279,6949
280,6868
281,6857
282,6743
283,6960
284,6726
285,6869
286,6708
287,6774
288,6672
289,6740
290,6737
291,6654
292,6570
293,6876
294,6721
295,6659
296,6608
297,6547
298,6373
299,6449
300,6543
301,6427
302,6512
303,6501
304,6363
305,6400
306,6499
307,6440
308,6414
309,6320
310,6355
311,6189
312,6302
313,6352
314,6427
315,6379
316,6278
317,6285
318,6207
319,6253
320,6252
321,6084
322,6235
323,6097
324,6071
325,6120
326,6065
327,6032
328,5973
329,6054
330,6058
331,5979
332,5874
333,6018
334,5901
335,6037
336,5843
337,5887
338,5917
339,5897
340,5894
341,5848
342,5670
343,5852
344,5745
345,5731
346,5867
347,5764
348,5704
349,5804
350,5587
351,5779
352,5680
353,5754
354,5779
355,5590
356,5573
357,5641
358,5613
359,5589
360,5546
361,5592
362,5505
363,5418
364,5557
365,5484
366,5374
367,5397
368,5442
369,5426
370,5412
371,5479
372,5362
373,5198
374,5357
375,5315
376,5411
377,5394
378,5126
379,5242
380,5355
381,5332
382,5213
383,5215
384,5294
385,5190
386,5202
387,5140
388,5285
389,5034
390,5217
391,5165
392,5168
393,5118
394,5060
395,5036
396,5080
397,5143
398,5037
399,5025
400,5023
401,4996
402,5113
403,5024
404,4980
405,4861
406,4970
407,4864
408,5012
409,4911
410,4836
411,4907
412,4883
413,4844
414,4797
415,4845
416,4932
417,4821
418,4855
419,4789
420,4893
421,4860
422,4894
423,4722
424,4760
425,4777
426,4721
427,4862
428,4748
429,4778
430,4768
431,4795
432,4694
433,4687
434,4621
435,4646
436,4602
437,4534
438,4650
439,4544
440,4570
441,4691
442,4580
443,4520
444,4542
445,4461
446,4531
447,4574
448,4466
449,4561
450,4491
451,4498
452,4483
453,4431
454,4239
455,4509
456,4385
457,4311
458,4265
459,4395
460,4404
461,4483
462,4351
463,4355
464,4467
465,4339
466,4408
467,4237
468,4325
469,4230
470,4330
471,4384
472,4282
473,4172
474,4188
475,4227
476,4222
477,4290
478,4273
479,4252
480,4229
481,4239
482,4290
483,4173
484,4208
485,4220
486,4168
487,4022
488,4161
489,4062
490,4136
491,4088
492,4229
493,4169
494,3988
495,4162
496,4124
497,4082
498,3979
499,3991
500,3967
501,4044
502,4098
503,4080
504,3954
505,3988
506,4006
507,3991
508,3933
509,3994
510,3870
511,4048
512,4003
513,3940
514,3921
515,3924
516,3854
517,3846
518,3908
519,3952
520,3728
521,3857
522,3893
523,3855
524,3833
525,3791
526,3881
527,3785
528,3819
529,3782
530,3812
531,3933
532,3721
533,3771
534,3738
535,3745
536,3767
537,3709
538,3664
539,3854
540,3792
541,3625
542,3679
543,3667
544,3716
545,3739
546,3770
547,3543
548,3701
549,3530
550,3610
551,3532
552,3692
553,3526
554,3632
555,3626
556,3618
557,3684
558,3554
559,3610
560,3459
561,3532
562,3574
563,3453
564,3590
565,3479
566,3627
567,3575
568,3459
569,3481
570,3377
571,3422
572,3594
573,3432
574,3379
575,3402
576,3451
577,3470
578,3350
579,3404
580,3539
581,3447
582,3308
583,3331
584,3463
585,3397
586,3376
587,3351
588,3324
589,3331
590,3329
591,3367
592,3336
593,3444
594,3242
595,3293
596,3284
597,3322
598,3275
599,3229
600,3324
601,3203
602,3262
603,3242
604,3179
605,3259
606,3237
607,3188
608,3154
609,3311
610,3194
611,3281
612,3188
613,3185
614,3083
615,3199
616,3131
617,3166
618,3144
619,3074
620,3177
621,3148
622,3104
623,3073
624,3063
625,3092
626,3114
627,3058
628,3067
629,2989
630,3072
631,3094
632,3085
633,2994
634,2992
635,3043
636,3027
637,2960
638,3058
639,2943
640,2943
641,2990
642,2974
643,2968
644,2932
645,2915
646,2999
647,2898
648,2886
649,2920
650,2945
651,2889
652,2885
653,2808
654,2900
655,2858
656,2980
657,2946
658,2895
659,2857
660,2872
661,2817
662,2768
663,2723
664,2872
665,2896
666,2787
667,2796
668,2786
669,2814
670,2794
671,2842
672,2724
673,2773
674,2787
675,2682
676,2701
677,2695
678,2801
679,2686
680,2825
681,2742
682,2757
683,2727
684,2709
685,2655
686,2690
687,2685
688,2675
689,2681
690,2670
691,2697
692,2594
693,2727
694,2597
695,2696
696,2686
697,2657
698,2737
699,2671
700,2660
701,2632
702,2602
703,2653
704,2611
705,2588
706,2570
707,2596
708,2631
709,2571
710,2650
711,2520
712,2507
713,2513
714,2504
715,2536
716,2562
717,2504
718,2491
719,2448
720,2497
721,2682
722,2524
723,2469
724,2534
725,2513
726,2485
727,2456
728,2461
729,2515
730,2375
731,2418
732,2416
733,2312
734,2385
735,2416
736,2300
737,2392
738,2480
739,2322
740,2398
741,2390
742,2366
743,2379
744,2413
745,2425
746,2374
747,2427
748,2321
749,2283
750,2300
751,2369
752,2298
753,2413
754,2260
755,2255
756,2299
757,2339
758,2306
759,2239
760,2322
761,2283
762,2267
763,2324
764,2223
765,2305
766,2288
767,2247
768,2345
769,2404
770,2230
771,2260
772,2320
773,2266
774,2309
775,2194
776,2233
777,2189
778,2154
779,2193
780,2196
781,2194
782,2193
783,2171
784,2242
785,2195
786,2170
787,2170
788,2168
789,2171
790,2188
791,2128
792,2187
793,2136
794,2231
795,2184
796,2171
797,2179
798,2156
799,2139
800,2145
801,2094
802,2150
803,1989
804,2105
805,2036
806,2040
807,2019
808,2028
809,2112
810,2080
811,2054
812,2065
813,2052
814,2057
815,2133
816,1991
817,2039
818,2035
819,2120
820,2037
821,2037
822,1950
823,2018
824,2025
825,2047
826,1970
827,2071
828,2063
829,2014
830,2028
831,2005
832,2007
833,1922
834,1978
835,1974
836,1941
837,2016
838,1987
839,1947
840,2103
841,1968
842,1953
843,1922
844,1953
845,1922
846,1939
847,1934
848,1931
849,1856
850,1921
851,1893
852,1884
853,1847
854,1923
855,1875
856,1947
857,1804
858,1890
859,1777
860,1921
861,1884
862,1882
863,1783
864,1920
865,1859
866,1878
867,1893
868,1845
869,1778
870,1887
871,1746
872,1759
873,1839
874,1875
875,1863
876,1908
877,1780
878,1760
879,1782
880,1774
881,1811
882,1808
883,1755
884,1823
885,1773
886,1855
887,1782
888,1777
889,1821
890,1787
891,1766
892,1794
893,1691
894,1799
895,1780
896,1722
897,1725
898,1799
899,1774
900,1673
901,1734
902,1763
903,1734
904,1721
905,1661
906,1751
907,1690
908,1645
909,1741
910,1696
911,1689
912,1744
913,1691
914,1672
915,1713
916,1657
917,1725
918,1687
919,1659
920,1678
921,1672
922,1743
923,1658
924,1682
925,1680
926,1616
927,1669
928,1643
929,1659
930,1702
931,1644
932,1579
933,1619
934,1676
935,1664
936,1634
937,1631
938,1586
939,1668
940,1580
941,1649
942,1663
943,1637
944,1686
945,1562
946,1617
947,1587
948,1643
949,1620
950,1650
951,1568
952,1583
953,1668
954,1585
955,1627
956,1657
957,1619
958,1594
959,1579
960,1624
961,1580
962,1497
963,1531
964,1572
965,1618
966,1601
967,1552
968,1535
969,1565
970,1614
971,1500
972,1543
973,1607
974,1492
975,1582
976,1470
977,1536
978,1452
979,1468
980,1486
981,1497
982,1501
983,1497
984,1532
985,1521
986,1513
987,1525
988,1487
989,1534
990,1534
991,1500
992,1517
993,1475
994,1486
995,1473
996,1482
997,1465
998,1413
999,1459
1000,1432
1001,1403
1002,1421
1003,1453
1004,1488
1005,1462
1006,1423
1007,1500
1008,1398
1009,1462
1010,1447
1011,1469
1012,1440
1013,1426
1014,1453
1015,1434
1016,1424
1017,1359
1018,1339
1019,1451
1020,1406
1021,1361
1022,1388
1023,1423
1024,1393
1025,1362
1026,1417
1027,1351
1028,1413
1029,1426
1030,1418
1031,1393
1032,1379
1033,1375
1034,1402
1035,1347
1036,1384
1037,1410
1038,1425
1039,1331
1040,1366
1041,1371
1042,1357
1043,1306
1044,1390
1045,1348
1046,1357
1047,1332
1048,1285
1049,1303
1050,1305
1051,1376
1052,1348
1053,1352
1054,1250
1055,1318
1056,1346
1057,1315
1058,1336
1059,1400
1060,1361
1061,1340
1062,1265
1063,1264
1064,1265
1065,1329
1066,1287
1067,1293
1068,1259
1069,1308
1070,1331
1071,1316
1072,1287
1073,1276
1074,1300
1075,1317
1076,1308
1077,1308
1078,1324
1079,1233
1080,1246
1081,1173
1082,1288
1083,1242
1084,1230
1085,1232
1086,1271
1087,1212
1088,1236
1089,1242
1090,1262
1091,1254
1092,1277
1093,1160
1094,1228
1095,1218
1096,1169
1097,1257
1098,1237
1099,1253
1100,1236
1101,1186
1102,1234
1103,1242
1104,1295
1105,1278
1106,1195
1107,1172
1108,1210
1109,1210
1110,1235
1111,1170
1112,1248
1113,1205
1114,1209
1115,1141
1116,1205
1117,1208
1118,1205
1119,1145
1120,1203
1121,1221
1122,1110
1123,1170
1124,1183
1125,1206
1126,1177
1127,1204
1128,1176
1129,1210
1130,1168
1131,1167
1132,1149
1133,1179
1134,1110
1135,1167
1136,1161
1137,1153
1138,1146
1139,1154
1140,1151
1141,1185
1142,1138
1143,1116
1144,1207
1145,1113
1146,1141
1147,1092
1148,1187
1149,1153
1150,1148
1151,1262
1152,1073
1153,1122
1154,1123
1155,1134
1156,1062
1157,1104
1158,1116
1159,1098
1160,1080
1161,1095
1162,1064
1163,1137
1164,1145
1165,1175
1166,1109
1167,1096
1168,1062
1169,1063
1170,1111
1171,1076
1172,1090
1173,1087
1174,1036
1175,1077
1176,1102
1177,1072
1178,1069
1179,1096
1180,1091
1181,1084
1182,1087
1183,1002
1184,1044
1185,1038
1186,1064
1187,1029
1188,1046
1189,1055
1190,1077
1191,1076
1192,1019
1193,1061
1194,1017
1195,1024
1196,1047
1197,1040
1198,1096
1199,989
1200,1074
1201,1041
1202,1056
1203,1020
1204,1084
1205,991
1206,1070
1207,1021
1208,1018
1209,1061
1210,1014
1211,1004
1212,970
1213,1011
1214,1061
1215,1003
1216,1032
1217,1022
1218,1000
1219,1054
1220,1010
1221,988
1222,994
1223,1021
1224,1013
1225,976
1226,959
1227,1020
1228,1021
1229,1008
1230,1014
1231,1014
1232,999
1233,994
1234,970
1235,1029
1236,986
1237,1004
1238,1002
1239,965
1240,993
1241,990
1242,928
1243,1007
1244,1054
1245,941
1246,979
1247,973
1248,974
1249,966
1250,928
1251,985
1252,959
1253,933
1254,973
1255,948
1256,909
1257,1040
1258,922
1259,957
1260,970
1261,927
1262,888
1263,926
1264,974
1265,987
1266,926
1267,862
1268,982
1269,959
1270,954
1271,931
1272,994
1273,937
1274,920
1275,970
1276,921
1277,937
1278,966
1279,895
1280,924
1281,910
1282,927
1283,902
1284,898
1285,972
1286,935
1287,936
1288,905
1289,880
1290,945
1291,941
1292,933
1293,913
1294,879
1295,909
1296,833
1297,884
1298,974
1299,887
1300,944
1301,873
1302,908
1303,878
1304,872
1305,883
1306,900
1307,859
1308,871
1309,939
1310,920
1311,843
1312,890
1313,879
1314,921
1315,922
1316,846
1317,882
1318,842
1319,804
1320,876
1321,863
1322,899
1323,913
1324,834
1325,868
1326,825
1327,848
1328,857
1329,903
1330,876
1331,860
1332,849
1333,873
1334,855
1335,842
1336,847
1337,829
1338,826
1339,820
1340,810
1341,871
1342,853
1343,844
1344,853
1345,833
1346,787
1347,863
1348,905
1349,889
1350,814
1351,827
1352,825
1353,852
1354,893
1355,853
1356,865
1357,836
1358,871
1359,857
1360,828
1361,731
1362,783
1363,796
1364,778
1365,817
1366,785
1367,856
1368,787
1369,853
1370,815
1371,798
1372,809
1373,843
1374,805
1375,767
1376,850
1377,765
1378,769
1379,828
1380,817
1381,804
1382,778
1383,743
1384,718
1385,765
1386,819
1387,839
1388,848
1389,799
1390,827
1391,790
1392,801
1393,776
1394,767
1395,773
1396,761
1397,755
1398,745
1399,832
1400,750
1401,823
1402,769
1403,776
1404,735
1405,763
1406,764
1407,760
1408,749
1409,781
1410,761
1411,773
1412,782
1413,728
1414,768
1415,784
1416,775
1417,743
1418,768
1419,732
1420,730
1421,750
1422,761
1423,739
1424,732
1425,732
1426,769
1427,753
1428,689
1429,728
1430,714
1431,714
1432,744
1433,739
1434,705
1435,741
1436,715
1437,739
1438,703
1439,691
1440,754
1441,758
1442,738
1443,740
1444,745
1445,730
1446,727
1447,712
1448,707
1449,676
1450,736
1451,661
1452,714
1453,681
1454,675
1455,743
1456,717
1457,711
1458,722
1459,708
1460,677
1461,665
1462,741
1463,730
1464,704
1465,679
1466,724
1467,689
1468,702
1469,704
1470,657
1471,698
1472,695
1473,700
1474,674
1475,687
1476,652
1477,762
1478,684
1479,723
1480,723
1481,627
1482,703
1483,705
1484,686
1485,640
1486,710
1487,684
1488,714
1489,713
1490,695
1491,657
1492,652
1493,677
1494,674
1495,696
1496,682
1497,674
1498,655
1499,725
1500,712
1501,646
1502,668
1503,672
1504,645
1505,611
1506,653
1507,646
1508,647
1509,645
1510,671
1511,611
1512,638
1513,679
1514,692
1515,667
1516,683
1517,710
1518,609
1519,596
1520,664
1521,689
1522,627
1523,626
1524,596
1525,690
1526,650
1527,689
1528,671
1529,645
1530,654
1531,628
1532,684
1533,680
1534,610
1535,659
1536,631
1537,682
1538,664
1539,634
1540,628
1541,599
1542,649
1543,646
1544,598
1545,616
1546,641
1547,617
1548,626
1549,625
1550,615
1551,671
1552,636
1553,631
1554,647
1555,634
1556,634
1557,600
1558,578
1559,650
1560,631
1561,612
1562,643
1563,628
1564,604
1565,609
1566,630
1567,622
1568,624
1569,590
1570,610
1571,627
1572,620
1573,612
1574,545
1575,649
1576,633
1577,596
1578,601
1579,587
1580,624
1581,631
1582,588
1583,654
1584,652
1585,630
1586,606
1587,632
1588,592
1589,615
1590,612
1591,579
1592,595
1593,614
1594,592
1595,613
1596,580
1597,599
1598,613
1599,596
1600,619
1601,608
1602,609
1603,590
1604,607
1605,599
1606,580
1607,584
1608,548
1609,635
1610,577
1611,556
1612,625
1613,531
1614,611
1615,573
1616,576
1617,587
1618,582
1619,564
1620,602
1621,539
1622,562
1623,565
1624,563
1625,571
1626,555
1627,557
1628,568
1629,577
1630,627
1631,573
1632,554
1633,575
1634,577
1635,570
1636,515
1637,547
1638,550
1639,561
1640,567
1641,592
1642,553
1643,541
1644,528
1645,543
1646,592
1647,544
1648,541
1649,563
1650,526
1651,571
1652,527
1653,510
1654,533
1655,540
1656,578
1657,508
1658,563
1659,559
1660,528
1661,615
1662,563
1663,497
1664,556
1665,546
1666,557
1667,566
1668,552
1669,507
1670,560
1671,499
1672,497
1673,500
1674,527
1675,494
1676,537
1677,520
1678,539
1679,538
1680,514
1681,512
1682,567
1683,516
1684,539
1685,527
1686,514
1687,516
1688,489
1689,498
1690,523
1691,543
1692,540
1693,558
1694,506
1695,550
1696,529
1697,509
1698,509
1699,500
1700,533
1701,487
1702,507
1703,519
1704,524
1705,506
1706,489
1707,523
1708,531
1709,471
1710,550
1711,535
1712,524
1713,485
1714,532
1715,505
1716,467
1717,514
1718,497
1719,516
1720,505
1721,494
1722,518
1723,536
1724,499
1725,531
1726,515
1727,489
1728,516
1729,469
1730,469
1731,484
1732,478
1733,479
1734,498
1735,451
1736,518
1737,523
1738,518
1739,476
1740,498
1741,496
1742,457
1743,503
1744,546
1745,500
1746,485
1747,487
1748,530
1749,473
1750,480
1751,521
1752,479
1753,456
1754,495
1755,495
1756,505
1757,450
1758,462
1759,508
1760,472
1761,430
1762,498
1763,496
1764,516
1765,505
1766,446
1767,500
1768,453
1769,470
1770,499
1771,475
1772,470
1773,462
1774,476
1775,434
1776,462
1777,471
1778,495
1779,475
1780,440
1781,455
1782,502
1783,434
1784,484
1785,397
1786,445
1787,462
1788,440
1789,452
1790,471
1791,444
1792,475
1793,464
1794,454
1795,458
1796,441
1797,450
1798,431
1799,419
1800,442
1801,475
1802,465
1803,458
1804,408
1805,469
1806,422
1807,422
1808,424
1809,468
1810,455
1811,435
1812,450
1813,451
1814,450
1815,448
1816,477
1817,467
1818,459
1819,432
1820,461
1821,452
1822,434
1823,448
1824,427
1825,425
1826,448
1827,477
1828,481
1829,470
1830,448
1831,418
1832,424
1833,426
1834,453
1835,414
1836,450
1837,431
1838,439
1839,461
1840,468
1841,433
1842,408
1843,408
1844,428
1845,439
1846,407
1847,396
1848,457
1849,407
1850,414
1851,472
1852,397
1853,441
1854,447
1855,416
1856,398
1857,458
1858,425
1859,371
1860,435
1861,428
1862,414
1863,442
1864,375
1865,397
1866,452
1867,442
1868,391
1869,417
1870,441
1871,445
1872,405
1873,413
1874,430
1875,486
1876,416
1877,403
1878,427
1879,392
1880,392
1881,386
1882,434
1883,437
1884,404
1885,399
1886,447
1887,439
1888,426
1889,414
1890,390
1891,446
1892,389
1893,413
1894,372
1895,431
1896,420
1897,414
1898,431
1899,424
1900,426
1901,387
1902,395
1903,374
1904,405
1905,388
1906,408
1907,386
1908,394
1909,395
1910,417
1911,416
1912,368
1913,414
1914,404
1915,422
1916,409
1917,391
1918,395
1919,410
1920,407
1921,399
1922,401
1923,402
1924,353
1925,388
1926,396
1927,402
1928,377
1929,392
1930,374
1931,409
1932,387
1933,385
1934,415
1935,405
1936,380
1937,405
1938,388
1939,400
1940,373
1941,356
1942,393
1943,389
1944,368
1945,364
1946,373
1947,397
1948,383
1949,372
1950,381
1951,395
1952,404
1953,374
1954,408
1955,368
1956,340
1957,418
1958,404
1959,393
1960,374
1961,378
1962,405
1963,388
1964,382
1965,361
1966,390
1967,387
1968,375
1969,370
1970,347
1971,366
1972,370
1973,374
1974,380
1975,340
1976,393
1977,385
1978,394
1979,336
1980,368
1981,371
1982,387
1983,352
1984,367
1985,386
1986,346
1987,405
1988,375
1989,353
1990,401
1991,353
1992,364
1993,325
1994,340
1995,377
1996,366
1997,356
1998,349
1999,379
2000,372
2001,352
2002,362
2003,364
2004,373
2005,390
2006,356
2007,332
2008,374
2009,378
2010,367
2011,393
2012,342
2013,367
2014,341
2015,334
2016,378
2017,361
2018,382
2019,363
2020,347
2021,369
2022,324
2023,357
2024,374
2025,364
2026,331
2027,335
2028,319
2029,383
2030,330
2031,351
2032,371
2033,366
2034,295
2035,344
2036,355
2037,333
2038,353
2039,349
2040,382
2041,343
2042,366
2043,358
2044,330
2045,334
2046,340
2047,346
2048,363
2049,337
2050,325
2051,339
2052,329
2053,330
2054,327
2055,341
2056,325
2057,335
2058,331
2059,331
2060,330
2061,363
2062,328
2063,349
2064,351
2065,365
2066,311
2067,332
2068,323
2069,368
2070,330
2071,341
2072,306
2073,319
2074,362
2075,351
2076,354
2077,330
2078,349
2079,323
2080,317
2081,348
2082,339
2083,308
2084,360
2085,326
2086,310
2087,315
2088,343
2089,313
2090,338
2091,291
2092,345
2093,334
2094,304
2095,339
2096,347
2097,328
2098,309
2099,295
2100,311
2101,337
2102,338
2103,305
2104,329
2105,348
2106,328
2107,327
2108,311
2109,344
2110,328
2111,308
2112,340
2113,294
2114,354
2115,327
2116,297
2117,313
2118,306
2119,323
2120,282
2121,299
2122,331
2123,313
2124,344
2125,330
2126,313
2127,301
2128,302
2129,302
2130,306
2131,306
2132,346
2133,298
2134,250
2135,294
2136,296
2137,323
2138,319
2139,295
2140,303
2141,276
2142,310
2143,298
2144,308
2145,275
2146,314
2147,283
2148,288
2149,330
2150,313
2151,291
2152,289
2153,304
2154,309
2155,307
2156,300
2157,303
2158,293
2159,276
2160,277
2161,311
2162,288
2163,295
2164,313
2165,292
2166,273
2167,318
2168,314
2169,326
2170,282
2171,301
2172,276
2173,324
2174,295
2175,287
2176,303
2177,291
2178,302
2179,316
2180,300
2181,272
2182,260
2183,318
2184,304
2185,284
2186,275
2187,318
2188,293
2189,298
2190,287
2191,325
2192,289
2193,288
2194,293
2195,283
2196,343
2197,273
2198,278
2199,286
2200,276
2201,303
2202,286
2203,294
2204,285
2205,318
2206,280
2207,298
2208,289
2209,286
2210,296
2211,255
2212,269
2213,270
2214,283
2215,297
2216,297
2217,281
2218,295
2219,285
2220,280
2221,283
2222,286
2223,287
2224,263
2225,298
2226,285
2227,300
2228,308
2229,299
2230,304
2231,300
2232,293
2233,296
2234,278
2235,267
2236,306
2237,286
2238,265
2239,272
2240,286
2241,284
2242,289
2243,267
2244,266
2245,290
2246,304
2247,296
2248,272
2249,264
2250,274
2251,284
2252,245
2253,268
2254,279
2255,294
2256,296
2257,271
2258,295
2259,263
2260,286
2261,260
2262,247
2263,272
2264,306
2265,307
2266,278
2267,289
2268,300
2269,243
2270,265
2271,295
2272,274
2273,293
2274,290
2275,290
2276,291
2277,270
2278,258
2279,279
2280,249
2281,241
2282,268
2283,281
2284,276
2285,239
2286,253
2287,281
2288,281
2289,242
2290,269
2291,266
2292,265
2293,263
2294,282
2295,253
2296,295
2297,253
2298,265
2299,227
2300,261
2301,220
2302,240
2303,264
2304,267
2305,259
2306,271
2307,257
2308,288
2309,273
2310,276
2311,287
2312,257
2313,220
2314,255
2315,246
2316,239
2317,242
2318,267
2319,216
2320,237
2321,251
2322,256
2323,236
2324,257
2325,286
2326,258
2327,250
2328,262
2329,269
2330,275
2331,254
2332,248
2333,247
2334,260
2335,283
2336,246
2337,261
2338,244
2339,260
2340,256
2341,219
2342,252
2343,248
2344,261
2345,280
2346,256
2347,241
2348,264
2349,246
2350,241
2351,240
2352,256
2353,262
2354,243
2355,252
2356,222
2357,259
2358,288
2359,250
2360,250
2361,282
2362,266
2363,250
2364,275
2365,229
2366,235
2367,234
2368,270
2369,255
2370,231
2371,220
2372,259
2373,218
2374,223
2375,274
2376,226
2377,239
2378,242
2379,225
2380,216
2381,253
2382,220
2383,229
2384,247
2385,254
2386,246
2387,242
2388,239
2389,241
2390,246
2391,239
2392,237
2393,243
2394,265
2395,254
2396,246
2397,261
2398,221
2399,239
2400,239
2401,245
2402,231
2403,254
2404,233
2405,243
2406,276
2407,224
2408,248
2409,250
2410,223
2411,234
2412,235
2413,247
2414,230
2415,230
2416,250
2417,228
2418,254
2419,222
2420,231
2421,211
2422,249
2423,228
2424,238
2425,231
2426,222
2427,232
2428,225
2429,245
2430,259
2431,207
2432,232
2433,243
2434,234
2435,214
2436,249
2437,233
2438,231
2439,237
2440,226
2441,227
2442,250
2443,244
2444,271
2445,261
2446,221
2447,221
2448,215
2449,211
2450,238
2451,202
2452,253
2453,224
2454,218
2455,230
2456,209
2457,248
2458,212
2459,228
2460,235
2461,247
2462,240
2463,229
2464,236
2465,224
2466,227
2467,240
2468,225
2469,209
2470,211
2471,221
2472,223
2473,213
2474,248
2475,248
2476,245
2477,234
2478,213
2479,231
2480,199
2481,222
2482,231
2483,221
2484,218
2485,209
2486,217
2487,242
2488,218
2489,209
2490,204
2491,238
2492,213
2493,238
2494,218
2495,195
2496,183
2497,194
2498,227
2499,184
2500,198
2501,200
2502,218
2503,214
2504,199
2505,221
2506,223
2507,231
2508,210
2509,229
2510,235
2511,214
2512,209
2513,212
2514,205
2515,223
2516,235
2517,198
2518,216
2519,239
2520,200
2521,206
2522,229
2523,234
2524,236
2525,187
2526,211
2527,194
2528,225
2529,205
2530,190
2531,219
2532,204
2533,219
2534,214
2535,210
2536,188
2537,216
2538,226
2539,209
2540,187
2541,222
2542,224
2543,193
2544,235
2545,219
2546,214
2547,186
2548,210
2549,190
2550,220
2551,197
2552,218
2553,210
2554,209
2555,194
2556,212
2557,169
2558,187
2559,174
2560,234
2561,208
2562,207
2563,206
2564,219
2565,223
2566,200
2567,192
2568,218
2569,220
2570,189
2571,216
2572,213
2573,208
2574,202
2575,172
2576,196
2577,209
2578,208
2579,215
2580,202
2581,193
2582,199
2583,201
2584,189
2585,202
2586,201
2587,193
2588,196
2589,192
2590,174
2591,202
2592,198
2593,188
2594,209
2595,190
2596,170
2597,213
2598,194
2599,203
2600,177
2601,199
2602,203
2603,215
2604,192
2605,212
2606,196
2607,206
2608,171
2609,208
2610,183
2611,192
2612,190
2613,193
2614,214
2615,197
2616,196
2617,215
2618,194
2619,158
2620,191
2621,198
2622,207
2623,210
2624,197
2625,200
2626,194
2627,202
2628,171
2629,203
2630,201
2631,214
2632,207
2633,202
2634,200
2635,171
2636,190
2637,179
2638,193
2639,193
2640,192
2641,186
2642,183
2643,193
2644,206
2645,216
2646,204
2647,189
2648,219
2649,195
2650,180
2651,179
2652,170
2653,194
2654,204
2655,205
2656,210
2657,184
2658,191
2659,218
2660,210
2661,185
2662,205
2663,200
2664,188
2665,182
2666,191
2667,189
2668,179
2669,203
2670,172
2671,212
2672,200
2673,186
2674,212
2675,183
2676,169
2677,189
2678,170
2679,191
2680,187
2681,170
2682,195
2683,186
2684,170
2685,177
2686,168
2687,195
2688,197
2689,184
2690,182
2691,196
2692,175
2693,182
2694,177
2695,197
2696,175
2697,195
2698,173
2699,157
2700,180
2701,183
2702,188
2703,179
2704,184
2705,188
2706,191
2707,186
2708,174
2709,174
2710,156
2711,183
2712,167
2713,193
2714,173
2715,207
2716,181
2717,168
2718,188
2719,161
2720,189
2721,168
2722,193
2723,177
2724,157
2725,206
2726,165
2727,174
2728,171
2729,184
2730,166
2731,182
2732,211
2733,182
2734,192
2735,180
2736,165
2737,166
2738,163
2739,197
2740,177
2741,169
2742,177
2743,204
2744,189
2745,191
2746,170
2747,180
2748,196
2749,172
2750,174
2751,201
2752,160
2753,148
2754,166
2755,166
2756,189
2757,165
2758,164
2759,174
2760,188
2761,178
2762,161
2763,193
2764,170
2765,174
2766,139
2767,163
2768,180
2769,155
2770,183
2771,186
2772,156
2773,141
2774,161
2775,183
2776,196
2777,178
2778,168
2779,170
2780,160
2781,173
2782,184
2783,169
2784,170
2785,157
2786,159
2787,166
2788,161
2789,161
2790,178
2791,190
2792,180
2793,173
2794,173
2795,154
2796,175
2797,184
2798,156
2799,135
2800,151
2801,145
2802,161
2803,159
2804,158
2805,169
2806,184
2807,186
2808,159
2809,175
2810,149
2811,177
2812,181
2813,159
2814,163
2815,162
2816,158
2817,155
2818,156
2819,152
2820,165
2821,177
2822,183
2823,146
2824,152
2825,143
2826,175
2827,174
2828,157
2829,158
2830,156
2831,163
2832,184
2833,161
2834,176
2835,159
2836,159
2837,181
2838,139
2839,175
2840,172
2841,172
2842,153
2843,170
2844,143
2845,151
2846,141
2847,169
2848,166
2849,144
2850,155
2851,161
2852,157
2853,160
2854,151
2855,156
2856,137
2857,159
2858,155
2859,140
2860,166
2861,147
2862,156
2863,151
2864,153
2865,170
2866,143
2867,146
2868,141
2869,164
2870,146
2871,186
2872,157
2873,162
2874,153
2875,153
2876,149
2877,170
2878,180
2879,150
2880,167
2881,143
2882,148
2883,146
2884,150
2885,158
2886,173
2887,163
2888,158
2889,150
2890,157
2891,142
2892,132
2893,157
2894,155
2895,150
2896,156
2897,149
2898,133
2899,159
2900,129
2901,144
2902,154
2903,124
2904,163
2905,149
2906,155
2907,139
2908,150
2909,167
2910,153
2911,143
2912,147
2913,155
2914,151
2915,150
2916,136
2917,141
2918,170
2919,154
2920,165
2921,155
2922,157
2923,149
2924,139
2925,149
2926,140
2927,151
2928,155
2929,136
2930,127
2931,129
2932,147
2933,133
2934,157
2935,158
2936,155
2937,163
2938,159
2939,158
2940,162
2941,159
2942,160
2943,150
2944,171
2945,152
2946,144
2947,141
2948,159
2949,148
2950,164
2951,132
2952,142
2953,147
2954,155
2955,150
2956,153
2957,154
2958,150
2959,156
2960,146
2961,150
2962,153
2963,158
2964,128
2965,138
2966,145
2967,150
2968,156
2969,127
2970,143
2971,120
2972,151
2973,148
2974,141
2975,129
2976,154
2977,152
2978,150
2979,151
2980,132
2981,151
2982,135
2983,157
2984,133
2985,140
2986,154
2987,151
2988,138
2989,142
2990,143
2991,134
2992,153
2993,148
2994,136
2995,139
2996,136
2997,135
2998,137
2999,140
3000,165
3001,136
3002,137
3003,155
3004,155
3005,119
3006,120
3007,126
3008,135
3009,130
3010,157
3011,126
3012,151
3013,135
3014,159
3015,120
3016,154
3017,116
3018,143
3019,141
3020,153
3021,139
3022,132
3023,133
3024,164
3025,153
3026,125
3027,131
3028,121
3029,122
3030,142
3031,115
3032,152
3033,127
3034,131
3035,138
3036,120
3037,128
3038,134
3039,139
3040,130
3041,134
3042,137
3043,118
3044,142
3045,146
3046,161
3047,140
3048,127
3049,132
3050,169
3051,127
3052,150
3053,118
3054,115
3055,118
3056,143
3057,132
3058,130
3059,139
3060,141
3061,121
3062,125
3063,123
3064,139
3065,144
3066,152
3067,112
3068,126
3069,121
3070,106
3071,122
3072,131
3073,133
3074,105
3075,129
3076,132
3077,132
3078,130
3079,124
3080,139
3081,119
3082,149
3083,122
3084,154
3085,121
3086,123
3087,150
3088,125
3089,110
3090,133
3091,127
3092,132
3093,99
3094,134
3095,130
3096,135
3097,132
3098,122
3099,121
3100,128
3101,144
3102,135
3103,115
3104,131
3105,125
3106,144
3107,132
3108,129
3109,139
3110,126
3111,129
3112,132
3113,149
3114,130
3115,128
3116,136
3117,142
3118,135
3119,130
3120,120
3121,111
3122,136
3123,130
3124,124
3125,137
3126,108
3127,114
3128,137
3129,131
3130,152
3131,143
3132,118
3133,134
3134,120
3135,118
3136,132
3137,114
3138,118
3139,117
3140,114
3141,110
3142,134
3143,119
3144,125
3145,123
3146,126
3147,142
3148,140
3149,114
3150,151
3151,135
3152,134
3153,140
3154,120
3155,123
3156,129
3157,123
3158,116
3159,121
3160,117
3161,102
3162,123
3163,120
3164,121
3165,102
3166,117
3167,126
3168,107
3169,116
3170,102
3171,111
3172,116
3173,119
3174,114
3175,131
3176,112
3177,120
3178,105
3179,111
3180,135
3181,124
3182,118
3183,136
3184,105
3185,116
3186,120
3187,128
3188,135
3189,126
3190,134
3191,128
3192,118
3193,114
3194,117
3195,127
3196,122
3197,126
3198,106
3199,137
3200,109
3201,115
3202,114
3203,127
3204,119
3205,120
3206,108
3207,128
3208,122
3209,135
3210,112
3211,126
3212,102
3213,114
3214,112
3215,116
3216,106
3217,126
3218,105
3219,120
3220,128
3221,112
3222,131
3223,122
3224,150
3225,116
3226,100
3227,147
3228,133
3229,121
3230,100
3231,130
3232,132
3233,105
3234,126
3235,111
3236,126
3237,107
3238,105
3239,125
3240,131
3241,129
3242,135
3243,110
3244,120
3245,107
3246,103
3247,104
3248,107
3249,128
3250,117
3251,116
3252,108
3253,122
3254,115
3255,126
3256,120
3257,91
3258,108
3259,117
3260,113
3261,103
3262,124
3263,125
3264,110
3265,108
3266,107
3267,128
3268,120
3269,90
3270,110
3271,120
3272,108
3273,96
3274,121
3275,120
3276,113
3277,122
3278,104
3279,117
3280,110
3281,111
3282,105
3283,124
3284,133
3285,116
3286,132
3287,120
3288,119
3289,105
3290,108
3291,111
3292,112
3293,125
3294,113
3295,134
3296,115
3297,127
3298,132
3299,123
3300,115
3301,112
3302,110
3303,100
3304,117
3305,104
3306,109
3307,113
3308,113
3309,102
3310,94
3311,115
3312,117
3313,107
3314,128
3315,120
3316,118
3317,109
3318,110
3319,129
3320,94
3321,109
3322,100
3323,107
3324,126
3325,101
3326,100
3327,85
3328,110
3329,95
3330,90
3331,95
3332,96
3333,122
3334,119
3335,93
3336,102
3337,104
3338,95
3339,100
3340,86
3341,124
3342,103
3343,111
3344,101
3345,103
3346,121
3347,101
3348,112
3349,110
3350,111
3351,103
3352,113
3353,113
3354,99
3355,106
3356,104
3357,103
3358,90
3359,97
3360,103
3361,112
3362,89
3363,117
3364,107
3365,90
3366,113
3367,120
3368,122
3369,119
3370,92
3371,122
3372,108
3373,92
3374,112
3375,107
3376,98
3377,129
3378,99
3379,90
3380,110
3381,117
3382,99
3383,93
3384,108
3385,86
3386,94
3387,112
3388,87
3389,113
3390,110
3391,99
3392,96
3393,97
3394,113
3395,100
3396,105
3397,105
3398,106
3399,115
3400,83
3401,105
3402,109
3403,97
3404,101
3405,122
3406,97
3407,125
3408,90
3409,96
3410,99
3411,76
3412,95
3413,94
3414,91
3415,110
3416,96
3417,90
3418,93
3419,98
3420,100
3421,104
3422,93
3423,123
3424,92
3425,103
3426,90
3427,101
3428,99
3429,81
3430,103
3431,111
3432,104
3433,99
3434,108
3435,93
3436,91
3437,88
3438,98
3439,101
3440,110
3441,103
3442,97
3443,115
3444,88
3445,86
3446,105
3447,87
3448,85
3449,95
3450,98
3451,119
3452,110
3453,97
3454,98
3455,107
3456,116
3457,129
3458,112
3459,93
3460,107
3461,103
3462,130
3463,99
3464,89
3465,82
3466,114
3467,109
3468,84
3469,99
3470,113
3471,105
3472,105
3473,80
3474,100
3475,108
3476,92
3477,97
3478,113
3479,94
3480,120
3481,93
3482,93
3483,99
3484,95
3485,108
3486,90
3487,101
3488,103
3489,112
3490,91
3491,96
3492,90
3493,105
3494,111
3495,96
3496,89
3497,90
3498,108
3499,86
3500,97
3501,103
3502,87
3503,98
3504,93
3505,91
3506,90
3507,106
3508,104
3509,84
3510,84
3511,83
3512,105
3513,111
3514,113
3515,99
3516,98
3517,96
3518,89
3519,106
3520,92
3521,99
3522,105
3523,93
3524,79
3525,88
3526,93
3527,87
3528,79
3529,76
3530,99
3531,91
3532,111
3533,100
3534,81
3535,72
3536,107
3537,114
3538,103
3539,96
3540,79
3541,83
3542,87
3543,84
3544,91
3545,109
3546,80
3547,90
3548,81
3549,93
3550,100
3551,90
3552,108
3553,113
3554,104
3555,72
3556,80
3557,97
3558,93
3559,87
3560,79
3561,79
3562,107
3563,107
3564,104
3565,77
3566,86
3567,80
3568,91
3569,83
3570,94
3571,114
3572,88
3573,89
3574,87
3575,98
3576,93
3577,89
3578,82
3579,81
3580,107
3581,92
3582,91
3583,86
3584,95
3585,97
3586,72
3587,70
3588,94
3589,92
3590,94
3591,86
3592,89
3593,75
3594,86
3595,92
3596,98
3597,83
3598,87
3599,94
3600,98
3601,74
3602,83
3603,68
3604,84
3605,85
3606,81
3607,108
3608,90
3609,92
3610,79
3611,78
3612,93
3613,91
3614,89
3615,89
3616,102
3617,82
3618,93
3619,93
3620,79
3621,83
3622,91
3623,95
3624,97
3625,99
3626,82
3627,92
3628,88
3629,75
3630,100
3631,107
3632,106
3633,103
3634,90
3635,75
3636,95
3637,81
3638,95
3639,81
3640,94
3641,92
3642,94
3643,92
3644,90
3645,87
3646,99
3647,83
3648,76
3649,87
3650,94
3651,98
3652,79
3653,66
3654,82
3655,103
3656,76
3657,72
3658,68
3659,86
3660,104
3661,93
3662,99
3663,84
3664,81
3665,72
3666,91
3667,92
3668,79
3669,79
3670,90
3671,96
3672,90
3673,80
3674,91
3675,95
3676,100
3677,74
3678,93
3679,79
3680,78
3681,88
3682,76
3683,86
3684,80
3685,70
3686,83
3687,77
3688,90
3689,75
3690,78
3691,80
3692,72
3693,94
3694,90
3695,72
3696,68
3697,91
3698,81
3699,78
3700,81
3701,83
3702,83
3703,81
3704,87
3705,82
3706,76
3707,55
3708,95
3709,92
3710,78
3711,90
3712,90
3713,85
3714,87
3715,83
3716,75
3717,90
3718,83
3719,89
3720,87
3721,76
3722,96
3723,92
3724,91
3725,85
3726,76
3727,68
3728,79
3729,107
3730,63
3731,89
3732,78
3733,74
3734,63
3735,85
3736,63
3737,82
3738,84
3739,79
3740,85
3741,76
3742,78
3743,90
3744,97
3745,90
3746,78
3747,75
3748,89
3749,87
3750,80
3751,67
3752,88
3753,76
3754,81
3755,75
3756,97
3757,69
3758,89
3759,71
3760,89
3761,75
3762,73
3763,91
3764,65
3765,86
3766,69
3767,94
3768,81
3769,102
3770,70
3771,69
3772,76
3773,84
3774,74
3775,83
3776,85
3777,80
3778,74
3779,67
3780,87
3781,80
3782,56
3783,72
3784,67
3785,99
3786,72
3787,89
3788,82
3789,75
3790,77
3791,64
3792,78
3793,94
3794,75
3795,79
3796,63
3797,69
3798,83
3799,77
3800,86
3801,78
3802,87
3803,85
3804,69
3805,73
3806,66
3807,89
3808,59
3809,80
3810,99
3811,76
3812,91
3813,75
3814,71
3815,62
3816,69
3817,69
3818,80
3819,74
3820,67
3821,93
3822,67
3823,81
3824,64
3825,69
3826,82
3827,85
3828,63
3829,102
3830,83
3831,68
3832,68
3833,75
3834,70
3835,86
3836,73
3837,72
3838,70
3839,72
3840,73
3841,83
3842,91
3843,70
3844,61
3845,81
3846,90
3847,72
3848,87
3849,72
3850,70
3851,87
3852,68
3853,69
3854,85
3855,69
3856,80
3857,71
3858,64
3859,80
3860,66
3861,84
3862,77
3863,81
3864,73
3865,80
3866,76
3867,77
3868,83
3869,62
3870,63
3871,73
3872,78
3873,82
3874,76
3875,81
3876,74
3877,77
3878,67
3879,84
3880,76
3881,84
3882,71
3883,63
3884,71
3885,81
3886,76
3887,73
3888,86
3889,69
3890,73
3891,73
3892,96
3893,63
3894,82
3895,84
3896,66
3897,73
3898,81
3899,74
3900,84
3901,86
3902,64
3903,64
3904,82
3905,78
3906,85
3907,80
3908,75
3909,68
3910,70
3911,87
3912,77
3913,63
3914,64
3915,64
3916,77
3917,79
3918,67
3919,67
3920,80
3921,63
3922,81
3923,66
3924,82
3925,68
3926,69
3927,66
3928,77
3929,92
3930,76
3931,65
3932,62
3933,68
3934,83
3935,75
3936,64
3937,69
3938,79
3939,59
3940,71
3941,65
3942,72
3943,70
3944,73
3945,83
3946,69
3947,60
3948,70
3949,57
3950,63
3951,77
3952,61
3953,72
3954,91
3955,72
3956,79
3957,68
3958,66
3959,70
3960,74
3961,68
3962,62
3963,64
3964,82
3965,73
3966,71
3967,70
3968,62
3969,73
3970,65
3971,91
3972,65
3973,71
3974,58
3975,55
3976,73
3977,58
3978,72
3979,72
3980,91
3981,59
3982,60
3983,72
3984,55
3985,70
3986,73
3987,65
3988,67
3989,73
3990,64
3991,71
3992,85
3993,71
3994,63
3995,67
3996,70
3997,63
3998,56
3999,71
4000,87
4001,74
4002,63
4003,74
4004,85
4005,52
4006,63
4007,80
4008,62
4009,60
4010,70
4011,67
4012,66
4013,57
4014,75
4015,68
4016,70
4017,53
4018,64
4019,52
4020,67
4021,61
4022,71
4023,70
4024,70
4025,76
4026,53
4027,54
4028,51
4029,71
4030,66
4031,68
4032,72
4033,54
4034,75
4035,69
4036,45
4037,65
4038,58
4039,54
4040,64
4041,63
4042,48
4043,79
4044,68
4045,65
4046,81
4047,74
4048,71
4049,64
4050,66
4051,59
4052,76
4053,62
4054,60
4055,79
4056,59
4057,67
4058,87
4059,47
4060,76
4061,57
4062,67
4063,77
4064,73
4065,62
4066,59
4067,65
4068,70
4069,65
4070,57
4071,65
4072,73
4073,65
4074,53
4075,67
4076,72
4077,57
4078,59
4079,67
4080,63
4081,56
4082,78
4083,68
4084,68
4085,62
4086,56
4087,63
4088,59
4089,58
4090,73
4091,57
4092,71
4093,66
4094,57
4095,65
4096,51
4097,50
4098,67
4099,58
4100,62
4101,62
4102,56
4103,63
4104,64
4105,47
4106,75
4107,76
4108,58
4109,60
4110,53
4111,62
4112,70
4113,65
4114,59
4115,67
4116,67
4117,55
4118,70
4119,53
4120,58
4121,72
4122,60
4123,76
4124,62
4125,66
4126,58
4127,60
4128,55
4129,60
4130,72
4131,46
4132,70
4133,70
4134,67
4135,69
4136,50
4137,68
4138,64
4139,68
4140,73
4141,66
4142,61
4143,61
4144,60
4145,57
4146,63
4147,81
4148,44
4149,65
4150,79
4151,70
4152,62
4153,65
4154,65
4155,57
4156,61
4157,54
4158,66
4159,48
4160,73
4161,55
4162,63
4163,66
4164,65
4165,68
4166,56
4167,54
4168,52
4169,59
4170,50
4171,64
4172,61
4173,53
4174,55
4175,55
4176,59
4177,54
4178,54
4179,57
4180,58
4181,54
4182,61
4183,42
4184,71
4185,69
4186,67
4187,53
4188,61
4189,58
4190,56
4191,50
4192,35
4193,69
4194,63
4195,47
4196,52
4197,57
4198,74
4199,70
4200,63
4201,60
4202,67
4203,61
4204,57
4205,58
4206,44
4207,56
4208,75
4209,65
4210,54
4211,58
4212,55
4213,51
4214,51
4215,68
4216,64
4217,58
4218,59
4219,65
4220,60
4221,51
4222,75
4223,72
4224,62
4225,51
4226,80
4227,56
4228,68
4229,47
4230,56
4231,63
4232,62
4233,68
4234,49
4235,67
4236,59
4237,52
4238,69
4239,53
4240,50
4241,47
4242,48
4243,67
4244,70
4245,58
4246,67
4247,60
4248,68
4249,51
4250,53
4251,57
4252,67
4253,48
4254,68
4255,65
4256,60
4257,58
4258,58
4259,73
4260,66
4261,52
4262,55
4263,57
4264,59
4265,56
4266,51
4267,48
4268,62
4269,65
4270,48
4271,48
4272,60
4273,65
4274,53
4275,51
4276,66
4277,65
4278,59
4279,56
4280,56
4281,70
4282,61
4283,52
4284,66
4285,58
4286,58
4287,43
4288,49
4289,58
4290,66
4291,61
4292,58
4293,53
4294,66
4295,58
4296,51
4297,69
4298,53
4299,50
4300,64
4301,47
4302,56
4303,74
4304,49
4305,75
4306,59
4307,54
4308,63
4309,58
4310,55
4311,67
4312,59
4313,43
4314,57
4315,60
4316,55
4317,59
4318,51
4319,60
4320,61
4321,65
4322,72
4323,59
4324,57
4325,48
4326,49
4327,39
4328,53
4329,54
4330,63
4331,60
4332,63
4333,48
4334,50
4335,53
4336,49
4337,62
4338,51
4339,56
4340,63
4341,58
4342,58
4343,60
4344,50
4345,47
4346,50
4347,70
4348,54
4349,48
4350,61
4351,50
4352,48
4353,60
4354,44
4355,52
4356,50
4357,56
4358,48
4359,38
4360,52
4361,44
4362,60
4363,63
4364,47
4365,61
4366,56
4367,54
4368,47
4369,61
4370,48
4371,61
4372,59
4373,55
4374,69
4375,55
4376,56
4377,44
4378,51
4379,58
4380,56
4381,57
4382,66
4383,57
4384,58
4385,64
4386,48
4387,57
4388,54
4389,67
4390,57
4391,52
4392,60
4393,49
4394,55
4395,49
4396,55
4397,73
4398,52
4399,61
4400,45
4401,63
4402,45
4403,53
4404,50
4405,49
4406,47
4407,58
4408,49
4409,46
4410,51
4411,56
4412,49
4413,42
4414,44
4415,50
4416,65
4417,62
4418,58
4419,46
4420,64
4421,54
4422,46
4423,56
4424,54
4425,69
4426,63
4427,68
4428,37
4429,48
4430,52
4431,55
4432,57
4433,45
4434,68
4435,60
4436,55
4437,54
4438,57
4439,52
4440,61
4441,58
4442,60
4443,48
4444,64
4445,57
4446,57
4447,53
4448,48
4449,46
4450,55
4451,54
4452,57
4453,47
4454,50
4455,46
4456,51
4457,55
4458,51
4459,45
4460,55
4461,53
4462,53
4463,54
4464,60
4465,55
4466,47
4467,31
4468,54
4469,42
4470,42
4471,42
4472,53
4473,64
4474,53
4475,40
4476,44
4477,51
4478,60
4479,63
4480,49
4481,51
4482,53
4483,35
4484,48
4485,58
4486,41
4487,46
4488,42
4489,54
4490,52
4491,62
4492,45
4493,54
4494,63
4495,48
4496,49
4497,52
4498,50
4499,50
4500,55
4501,45
4502,58
4503,51
4504,56
4505,65
4506,46
4507,50
4508,44
4509,52
4510,51
4511,44
4512,50
4513,42
4514,54
4515,61
4516,43
4517,54
4518,48
4519,50
4520,64
4521,39
4522,51
4523,50
4524,45
4525,64
4526,60
4527,54
4528,51
4529,43
4530,41
4531,66
4532,49
4533,46
4534,45
4535,50
4536,57
4537,51
4538,43
4539,51
4540,37
4541,51
4542,42
4543,46
4544,53
4545,52
4546,44
4547,43
4548,51
4549,46
4550,47
4551,52
4552,36
4553,41
4554,53
4555,44
4556,49
4557,47
4558,48
4559,47
4560,44
4561,54
4562,34
4563,53
4564,54
4565,59
4566,50
4567,46
4568,47
4569,53
4570,49
4571,47
4572,49
4573,68
4574,49
4575,55
4576,44
4577,52
4578,42
4579,35
4580,53
4581,39
4582,51
4583,44
4584,60
4585,48
4586,49
4587,36
4588,55
4589,40
4590,42
4591,47
4592,49
4593,41
4594,50
4595,41
4596,57
4597,50
4598,51
4599,47
4600,36
4601,35
4602,52
4603,52
4604,42
4605,50
4606,45
4607,52
4608,50
4609,53
4610,62
4611,58
4612,52
4613,46
4614,44
4615,60
4616,52
4617,53
4618,51
4619,58
4620,43
4621,45
4622,54
4623,44
4624,52
4625,42
4626,40
4627,40
4628,43
4629,40
4630,63
4631,45
4632,39
4633,49
4634,49
4635,45
4636,52
4637,51
4638,57
4639,42
4640,53
4641,39
4642,52
4643,51
4644,49
4645,38
4646,35
4647,44
4648,48
4649,52
4650,47
4651,47
4652,33
4653,52
4654,52
4655,49
4656,45
4657,57
4658,42
4659,53
4660,42
4661,49
4662,50
4663,46
4664,53
4665,40
4666,52
4667,46
4668,50
4669,42
4670,49
4671,43
4672,55
4673,38
4674,50
4675,51
4676,42
4677,40
4678,63
4679,43
4680,41
4681,47
4682,45
4683,44
4684,56
4685,40
4686,52
4687,53
4688,46
4689,62
4690,50
4691,52
4692,40
4693,46
4694,47
4695,45
4696,49
4697,59
4698,49
4699,38
4700,52
4701,51
4702,39
4703,49
4704,30
4705,62
4706,57
4707,42
4708,37
4709,44
4710,43
4711,38
4712,44
4713,47
4714,41
4715,48
4716,40
4717,58
4718,34
4719,38
4720,33
4721,41
4722,51
4723,38
4724,43
4725,50
4726,50
4727,33
4728,60
4729,46
4730,58
4731,43
4732,34
4733,38
4734,41
4735,42
4736,40
4737,41
4738,43
4739,51
4740,48
4741,48
4742,53
4743,39
4744,51
4745,39
4746,37
4747,55
4748,41
4749,54
4750,42
4751,41
4752,34
4753,44
4754,38
4755,49
4756,41
4757,40
4758,49
4759,37
4760,47
4761,50
4762,46
4763,52
4764,32
4765,40
4766,49
4767,46
4768,41
4769,38
4770,36
4771,45
4772,34
4773,44
4774,45
4775,44
4776,38
4777,37
4778,47
4779,38
4780,39
4781,55
4782,62
4783,37
4784,40
4785,41
4786,54
4787,46
4788,36
4789,36
4790,37
4791,41
4792,31
4793,48
4794,39
4795,43
4796,41
4797,41
4798,42
4799,42
4800,35
4801,34
4802,47
4803,44
4804,48
4805,43
4806,43
4807,25
4808,37
4809,34
4810,42
4811,43
4812,40
4813,31
4814,34
4815,37
4816,49
4817,38
4818,34
4819,36
4820,55
4821,44
4822,38
4823,58
4824,44
4825,45
4826,41
4827,44
4828,38
4829,45
4830,38
4831,53
4832,32
4833,37
4834,51
4835,38
4836,31
4837,48
4838,44
4839,37
4840,50
4841,49
4842,45
4843,45
4844,42
4845,53
4846,46
4847,45
4848,51
4849,40
4850,35
4851,32
4852,39
4853,42
4854,38
4855,43
4856,39
4857,47
4858,45
4859,42
4860,38
4861,44
4862,32
4863,60
4864,42
4865,41
4866,37
4867,36
4868,35
4869,51
4870,44
4871,40
4872,49
4873,38
4874,55
4875,35
4876,46
4877,41
4878,46
4879,35
4880,36
4881,27
4882,45
4883,33
4884,33
4885,49
4886,35
4887,32
4888,35
4889,40
4890,33
4891,38
4892,39
4893,38
4894,39
4895,43
4896,32
4897,45
4898,45
4899,53
4900,40
4901,36
4902,33
4903,31
4904,42
4905,37
4906,44
4907,31
4908,36
4909,40
4910,41
4911,55
4912,46
4913,37
4914,50
4915,39
4916,35
4917,36
4918,51
4919,33
4920,40
4921,46
4922,56
4923,38
4924,56
4925,43
4926,33
4927,40
4928,45
4929,46
4930,37
4931,45
4932,40
4933,46
4934,43
4935,36
4936,48
4937,39
4938,33
4939,38
4940,41
4941,23
4942,37
4943,40
4944,49
4945,37
4946,34
4947,36
4948,46
4949,31
4950,46
4951,48
4952,45
4953,44
4954,34
4955,47
4956,34
4957,33
4958,32
4959,33
4960,33
4961,38
4962,37
4963,44
4964,45
4965,27
4966,46
4967,38
4968,25
4969,44
4970,44
4971,42
4972,40
4973,34
4974,38
4975,35
4976,36
4977,40
4978,43
4979,55
4980,40
4981,47
4982,52
4983,40
4984,40
4985,51
4986,35
4987,36
4988,41
4989,38
4990,36
4991,39
4992,48
4993,39
4994,47
4995,42
4996,39
4997,38
4998,42
4999,36
5000,42
5001,38
5002,38
5003,43
5004,47
5005,40
5006,37
5007,48
5008,33
5009,32
5010,35
5011,34
5012,27
5013,42
5014,37
5015,41
5016,39
5017,37
5018,35
5019,37
5020,38
5021,28
5022,35
5023,45
5024,53
5025,44
5026,36
5027,30
5028,38
5029,37
5030,35
5031,39
5032,38
5033,39
5034,31
5035,31
5036,45
5037,40
5038,29
5039,38
5040,41
5041,34
5042,58
5043,43
5044,39
5045,24
5046,31
5047,23
5048,45
5049,41
5050,32
5051,32
5052,32
5053,32
5054,38
5055,38
5056,42
5057,30
5058,39
5059,38
5060,41
5061,41
5062,47
5063,50
5064,39
5065,26
5066,46
5067,33
5068,34
5069,35
5070,41
5071,34
5072,29
5073,33
5074,33
5075,28
5076,43
5077,34
5078,27
5079,31
5080,38
5081,30
5082,42
5083,47
5084,39
5085,28
5086,42
5087,30
5088,38
5089,36
5090,33
5091,35
5092,32
5093,25
5094,45
5095,44
5096,33
5097,35
5098,34
5099,30
5100,30
5101,38
5102,41
5103,40
5104,32
5105,28
5106,36
5107,38
5108,33
5109,39
5110,26
5111,37
5112,38
5113,43
5114,40
5115,39
5116,40
5117,42
5118,47
5119,33
5120,33
5121,31
5122,36
5123,26
5124,35
5125,17
5126,46
5127,40
5128,28
5129,40
5130,39
5131,24
5132,52
5133,35
5134,43
5135,33
5136,35
5137,38
5138,36
5139,34
5140,30
5141,32
5142,43
5143,38
5144,28
5145,35
5146,33
5147,32
5148,28
5149,38
5150,37
5151,43
5152,38
5153,42
5154,43
5155,54
5156,35
5157,36
5158,35
5159,45
5160,35
5161,28
5162,47
5163,51
5164,41
5165,32
5166,33
5167,33
5168,45
5169,51
5170,36
5171,28
5172,40
5173,31
5174,29
5175,45
5176,38
5177,37
5178,28
5179,42
5180,34
5181,23
5182,33
5183,32
5184,29
5185,39
5186,25
5187,27
5188,36
5189,41
5190,40
5191,44
5192,30
5193,41
5194,33
5195,44
5196,29
5197,36
5198,31
5199,46
5200,36
5201,27
5202,37
5203,39
5204,43
5205,27
5206,41
5207,35
5208,34
5209,24
5210,42
5211,40
5212,35
5213,39
5214,43
5215,32
5216,41
5217,48
5218,41
5219,31
5220,32
5221,33
5222,37
5223,42
5224,44
5225,33
5226,33
5227,33
5228,41
5229,28
5230,34
5231,31
5232,31
5233,29
5234,43
5235,29
5236,33
5237,26
5238,44
5239,40
5240,43
5241,30
5242,37
5243,40
5244,44
5245,31
5246,37
5247,26
5248,31
5249,34
5250,34
5251,28
5252,32
5253,31
5254,41
5255,44
5256,32
5257,37
5258,37
5259,39
5260,31
5261,32
5262,31
5263,36
5264,33
5265,36
5266,33
5267,35
5268,23
5269,32
5270,36
5271,37
5272,37
5273,24
5274,32
5275,38
5276,34
5277,37
5278,36
5279,36
5280,36
5281,31
5282,25
5283,31
5284,43
5285,28
5286,32
5287,42
5288,27
5289,27
5290,30
5291,43
5292,24
5293,42
5294,30
5295,35
5296,28
5297,28
5298,30
5299,35
5300,42
5301,27
5302,36
5303,27
5304,30
5305,34
5306,27
5307,30
5308,35
5309,29
5310,31
5311,33
5312,31
5313,39
5314,44
5315,38
5316,27
5317,32
5318,39
5319,31
5320,20
5321,24
5322,35
5323,32
5324,31
5325,32
5326,43
5327,31
5328,23
5329,36
5330,28
5331,24
5332,28
5333,35
5334,30
5335,40
5336,22
5337,39
5338,27
5339,33
5340,25
5341,32
5342,37
5343,24
5344,27
5345,38
5346,33
5347,24
5348,28
5349,34
5350,25
5351,38
5352,27
5353,29
5354,26
5355,38
5356,36
5357,29
5358,33
5359,24
5360,31
5361,40
5362,35
5363,32
5364,31
5365,36
5366,40
5367,24
5368,26
5369,37
5370,28
5371,24
5372,21
5373,35
5374,34
5375,32
5376,39
5377,22
5378,21
5379,32
5380,37
5381,32
5382,27
5383,38
5384,26
5385,34
5386,41
5387,29
5388,30
5389,39
5390,30
5391,23
5392,33
5393,34
5394,37
5395,30
5396,33
5397,24
5398,35
5399,26
5400,33
5401,27
5402,28
5403,38
5404,32
5405,35
5406,31
5407,26
5408,31
5409,24
5410,30
5411,35
5412,32
5413,28
5414,37
5415,30
5416,38
5417,30
5418,37
5419,29
5420,29
5421,31
5422,34
5423,33
5424,29
5425,31
5426,21
5427,25
5428,30
5429,29
5430,32
5431,40
5432,25
5433,34
5434,34
5435,24
5436,27
5437,30
5438,34
5439,30
5440,38
5441,26
5442,26
5443,35
5444,45
5445,33
5446,32
5447,27
5448,25
5449,36
5450,35
5451,33
5452,30
5453,27
5454,34
5455,32
5456,41
5457,38
5458,33
5459,24
5460,33
5461,34
5462,21
5463,28
5464,31
5465,35
5466,31
5467,18
5468,32
5469,36
5470,37
5471,30
5472,20
5473,34
5474,34
5475,26
5476,19
5477,33
5478,31
5479,27
5480,25
5481,30
5482,44
5483,39
5484,30
5485,27
5486,32
5487,43
5488,26
5489,28
5490,36
5491,30
5492,29
5493,42
5494,31
5495,26
5496,30
5497,32
5498,27
5499,28
5500,25
5501,35
5502,27
5503,33
5504,37
5505,29
5506,31
5507,24
5508,20
5509,26
5510,28
5511,32
5512,37
5513,32
5514,14
5515,41
5516,34
5517,24
5518,30
5519,30
5520,32
5521,38
5522,32
5523,28
5524,33
5525,31
5526,32
5527,36
5528,25
5529,26
5530,24
5531,27
5532,28
5533,37
5534,22
5535,31
5536,29
5537,25
5538,31
5539,27
5540,24
5541,29
5542,32
5543,35
5544,28
5545,28
5546,30
5547,26
5548,32
5549,40
5550,25
5551,33
5552,18
5553,26
5554,25
5555,26
5556,33
5557,32
5558,33
5559,32
5560,37
5561,27
5562,26
5563,16
5564,33
5565,28
5566,30
5567,40
5568,30
5569,25
5570,31
5571,26
5572,26
5573,16
5574,35
5575,36
5576,27
5577,31
5578,23
5579,35
5580,34
5581,23
5582,27
5583,40
5584,27
5585,26
5586,35
5587,33
5588,32
5589,30
5590,28
5591,22
5592,27
5593,25
5594,40
5595,29
5596,25
5597,36
5598,27
5599,37
5600,35
5601,23
5602,33
5603,25
5604,34
5605,24
5606,40
5607,19
5608,27
5609,28
5610,27
5611,35
5612,23
5613,32
5614,39
5615,32
5616,37
5617,29
5618,24
5619,21
5620,30
5621,22
5622,27
5623,30
5624,37
5625,24
5626,27
5627,29
5628,31
5629,36
5630,28
5631,32
5632,29
5633,21
5634,39
5635,23
5636,31
5637,28
5638,24
5639,30
5640,34
5641,21
5642,31
5643,26
5644,27
5645,26
5646,23
5647,28
5648,24
5649,27
5650,30
5651,35
5652,34
5653,29
5654,33
5655,22
5656,29
5657,26
5658,29
5659,24
5660,32
5661,26
5662,29
5663,38
5664,38
5665,27
5666,30
5667,25
5668,28
5669,26
5670,29
5671,27
5672,22
5673,28
5674,21
5675,27
5676,31
5677,32
5678,24
5679,20
5680,29
5681,33
5682,18
5683,28
5684,23
5685,29
5686,18
5687,23
5688,34
5689,24
5690,31
5691,27
5692,29
5693,31
5694,19
5695,31
5696,18
5697,25
5698,26
5699,15
5700,33
5701,28
5702,32
5703,29
5704,31
5705,27
5706,30
5707,32
5708,25
5709,28
5710,27
5711,26
5712,19
5713,28
5714,26
5715,25
5716,28
5717,20
5718,30
5719,30
5720,32
5721,33
5722,32
5723,26
5724,24
5725,28
5726,39
5727,25
5728,32
5729,29
5730,16
5731,22
5732,28
5733,24
5734,29
5735,27
5736,23
5737,28
5738,29
5739,17
5740,27
5741,32
5742,29
5743,39
5744,25
5745,26
5746,19
5747,21
5748,18
5749,29
5750,32
5751,18
5752,27
5753,21
5754,30
5755,27
5756,28
5757,30
5758,28
5759,19
5760,32
5761,30
5762,29
5763,30
5764,26
5765,20
5766,33
5767,34
5768,32
5769,24
5770,25
5771,26
5772,26
5773,26
5774,34
5775,26
5776,20
5777,24
5778,34
5779,26
5780,24
5781,24
5782,19
5783,19
5784,28
5785,27
5786,34
5787,24
5788,28
5789,17
5790,27
5791,29
5792,28
5793,20
5794,32
5795,24
5796,32
5797,28
5798,26
5799,17
5800,28
5801,29
5802,29
5803,22
5804,27
5805,22
5806,31
5807,25
5808,24
5809,20
5810,35
5811,32
5812,20
5813,20
5814,28
5815,24
5816,17
5817,26
5818,26
5819,24
5820,21
5821,27
5822,26
5823,20
5824,30
5825,18
5826,44
5827,25
5828,25
5829,28
5830,34
5831,26
5832,27
5833,22
5834,34
5835,22
5836,36
5837,30
5838,21
5839,25
5840,28
5841,25
5842,26
5843,28
5844,25
5845,30
5846,28
5847,30
5848,24
5849,24
5850,32
5851,19
5852,21
5853,26
5854,27
5855,24
5856,28
5857,17
5858,18
5859,22
5860,30
5861,28
5862,31
5863,17
5864,26
5865,27
5866,28
5867,25
5868,24
5869,30
5870,31
5871,24
5872,31
5873,28
5874,29
5875,25
5876,22
5877,26
5878,19
5879,23
5880,27
5881,30
5882,29
5883,19
5884,22
5885,28
5886,28
5887,29
5888,39
5889,21
5890,23
5891,25
5892,30
5893,19
5894,24
5895,27
5896,26
5897,19
5898,19
5899,31
5900,21
5901,21
5902,30
5903,33
5904,34
5905,29
5906,28
5907,23
5908,19
5909,22
5910,18
5911,33
5912,29
5913,23
5914,23
5915,19
5916,16
5917,24
5918,25
5919,22
5920,18
5921,27
5922,23
5923,21
5924,25
5925,31
5926,22
5927,23
5928,18
5929,24
5930,20
5931,27
5932,27
5933,25
5934,40
5935,27
5936,20
5937,28
5938,23
5939,29
5940,25
5941,17
5942,31
5943,23
5944,20
5945,27
5946,23
5947,25
5948,21
5949,31
5950,27
5951,23
5952,31
5953,22
5954,26
5955,22
5956,23
5957,24
5958,26
5959,27
5960,32
5961,17
5962,23
5963,18
5964,30
5965,24
5966,23
5967,25
5968,36
5969,31
5970,18
5971,26
5972,24
5973,30
5974,18
5975,21
5976,18
5977,26
5978,28
5979,23
5980,19
5981,27
5982,22
5983,21
5984,22
5985,24
5986,23
5987,22
5988,22
5989,24
5990,23
5991,24
5992,20
5993,28
5994,20
5995,20
5996,26
5997,25
5998,18
5999,23
6000,30
6001,25
6002,31
6003,29
6004,16
6005,18
6006,24
6007,26
6008,30
6009,28
6010,28
6011,22
6012,27
6013,24
6014,23
6015,29
6016,19
6017,18
6018,22
6019,27
6020,21
6021,21
6022,37
6023,24
6024,29
6025,18
6026,30
6027,30
6028,20
6029,25
6030,19
6031,29
6032,18
6033,16
6034,28
6035,19
6036,17
6037,22
6038,20
6039,20
6040,24
6041,20
6042,31
6043,19
6044,18
6045,25
6046,29
6047,21
6048,19
6049,24
6050,24
6051,27
6052,24
6053,29
6054,18
6055,20
6056,27
6057,20
6058,23
6059,23
6060,16
6061,17
6062,29
6063,14
6064,28
6065,32
6066,22
6067,17
6068,23
6069,19
6070,22
6071,22
6072,19
6073,28
6074,17
6075,17
6076,32
6077,23
6078,18
6079,22
6080,15
6081,26
6082,22
6083,20
6084,22
6085,22
6086,24
6087,28
6088,34
6089,27
6090,17
6091,22
6092,27
6093,17
6094,15
6095,20
6096,23
6097,25
6098,25
6099,22
6100,19
6101,20
6102,21
6103,26
6104,18
6105,22
6106,30
6107,19
6108,29
6109,21
6110,17
6111,24
6112,26
6113,23
6114,24
6115,22
6116,19
6117,18
6118,32
6119,24
6120,21
6121,21
6122,26
6123,27
6124,27
6125,24
6126,28
6127,25
6128,31
6129,21
6130,15
6131,22
6132,18
6133,30
6134,22
6135,18
6136,29
6137,24
6138,26
6139,26
6140,30
6141,26
6142,24
6143,23
6144,23
6145,17
6146,24
6147,23
6148,17
6149,28
6150,30
6151,29
6152,30
6153,25
6154,21
6155,26
6156,30
6157,22
6158,24
6159,26
6160,28
6161,32
6162,23
6163,16
6164,23
6165,22
6166,25
6167,13
6168,24
6169,30
6170,23
6171,14
6172,12
6173,22
6174,33
6175,29
6176,23
6177,17
6178,23
6179,25
6180,20
6181,22
6182,26
6183,28
6184,18
6185,24
6186,31
6187,21
6188,26
6189,26
6190,29
6191,16
6192,21
6193,22
6194,18
6195,19
6196,24
6197,25
6198,15
6199,23
6200,22
6201,25
6202,21
6203,22
6204,18
6205,20
6206,19
6207,19
6208,18
6209,19
6210,24
6211,33
6212,20
6213,22
6214,19
6215,20
6216,19
6217,22
6218,26
6219,11
6220,22
6221,21
6222,17
6223,28
6224,16
6225,13
6226,22
6227,23
6228,22
6229,27
6230,23
6231,16
6232,22
6233,20
6234,22
6235,17
6236,26
6237,28
6238,21
6239,26
6240,17
6241,17
6242,33
6243,24
6244,22
6245,22
6246,23
6247,16
6248,21
6249,19
6250,32
6251,13
6252,18
6253,25
6254,26
6255,31
6256,18
6257,23
6258,17
6259,22
6260,23
6261,23
6262,21
6263,23
6264,21
6265,21
6266,21
6267,21
6268,14
6269,16
6270,20
6271,20
6272,22
6273,18
6274,31
6275,20
6276,17
6277,25
6278,20
6279,23
6280,20
6281,21
6282,24
6283,20
6284,16
6285,19
6286,28
6287,22
6288,19
6289,21
6290,24
6291,21
6292,23
6293,26
6294,29
6295,15
6296,22
6297,20
6298,31
6299,19
6300,22
6301,17
6302,16
6303,15
6304,18
6305,16
6306,25
6307,16
6308,27
6309,25
6310,25
6311,21
6312,21
6313,20
6314,30
6315,26
6316,28
6317,21
6318,31
6319,18
6320,25
6321,15
6322,23
6323,21
6324,19
6325,22
6326,15
6327,14
6328,31
6329,16
6330,19
6331,19
6332,20
6333,24
6334,18
6335,20
6336,15
6337,6
6338,27
6339,25
6340,21
6341,22
6342,22
6343,26
6344,18
6345,23
6346,17
6347,21
6348,14
6349,24
6350,19
6351,18
6352,30
6353,19
6354,14
6355,17
6356,21
6357,15
6358,27
6359,24
6360,15
6361,19
6362,19
6363,21
6364,21
6365,20
6366,25
6367,28
6368,20
6369,18
6370,13
6371,28
6372,13
6373,20
6374,15
6375,19
6376,18
6377,21
6378,23
6379,11
6380,21
6381,14
6382,21
6383,26
6384,16
6385,21
6386,25
6387,27
6388,28
6389,20
6390,15
6391,32
6392,15
6393,20
6394,22
6395,26
6396,14
6397,26
6398,21
6399,22
6400,13
6401,25
6402,23
6403,21
6404,16
6405,17
6406,18
6407,20
6408,22
6409,19
6410,25
6411,21
6412,23
6413,17
6414,26
6415,21
6416,16
6417,18
6418,25
6419,22
6420,23
6421,17
6422,14
6423,24
6424,13
6425,26
6426,18
6427,20
6428,21
6429,26
6430,18
6431,23
6432,23
6433,20
6434,15
6435,17
6436,14
6437,17
6438,19
6439,31
6440,16
6441,21
6442,22
6443,22
6444,18
6445,17
6446,21
6447,21
6448,20
6449,12
6450,18
6451,17
6452,22
6453,29
6454,26
6455,27
6456,22
6457,18
6458,19
6459,28
6460,21
6461,14
6462,17
6463,18
6464,21
6465,20
6466,24
6467,19
6468,21
6469,16
6470,26
6471,27
6472,20
6473,18
6474,20
6475,20
6476,21
6477,14
6478,22
6479,19
6480,22
6481,17
6482,23
6483,16
6484,20
6485,30
6486,18
6487,10
6488,14
6489,14
6490,15
6491,17
6492,22
6493,20
6494,24
6495,21
6496,15
6497,27
6498,27
6499,16
6500,19
6501,20
6502,24
6503,22
6504,25
6505,18
6506,25
6507,19
6508,17
6509,18
6510,21
6511,23
6512,26
6513,14
6514,15
6515,24
6516,16
6517,12
6518,17
6519,17
6520,13
6521,18
6522,28
6523,18
6524,13
6525,22
6526,15
6527,16
6528,20
6529,14
6530,21
6531,17
6532,24
6533,21
6534,17
6535,23
6536,21
6537,18
6538,19
6539,27
6540,26
6541,22
6542,25
6543,15
6544,22
6545,24
6546,18
6547,23
6548,18
6549,18
6550,18
6551,19
6552,12
6553,16
6554,23
6555,24
6556,12
6557,15
6558,10
6559,14
6560,22
6561,18
6562,13
6563,18
6564,20
6565,23
6566,22
6567,17
6568,16
6569,12
6570,23
6571,18
6572,16
6573,18
6574,12
6575,17
6576,20
6577,14
6578,14
6579,16
6580,23
6581,20
6582,15
6583,20
6584,20
6585,17
6586,20
6587,23
6588,15
6589,17
6590,17
6591,16
6592,20
6593,16
6594,22
6595,19
6596,16
6597,10
6598,19
6599,28
6600,19
6601,14
6602,21
6603,24
6604,13
6605,15
6606,21
6607,29
6608,14
6609,30
6610,14
6611,13
6612,19
6613,15
6614,12
6615,19
6616,14
6617,10
6618,20
6619,10
6620,19
6621,16
6622,20
6623,15
6624,14
6625,15
6626,25
6627,25
6628,13
6629,13
6630,14
6631,20
6632,19
6633,24
6634,27
6635,21
6636,14
6637,16
6638,19
6639,14
6640,19
6641,19
6642,19
6643,18
6644,14
6645,13
6646,17
6647,26
6648,18
6649,10
6650,19
6651,26
6652,15
6653,22
6654,17
6655,23
6656,22
6657,17
6658,21
6659,16
6660,18
6661,10
6662,11
6663,16
6664,14
6665,18
6666,16
6667,16
6668,19
6669,18
6670,11
6671,13
6672,21
6673,19
6674,23
6675,16
6676,21
6677,19
6678,17
6679,19
6680,22
6681,17
6682,16
6683,18
6684,19
6685,8
6686,20
6687,25
6688,21
6689,20
6690,20
6691,15
6692,17
6693,15
6694,23
6695,26
6696,14
6697,12
6698,14
6699,21
6700,16
6701,23
6702,14
6703,13
6704,19
6705,12
6706,14
6707,19
6708,20
6709,20
6710,21
6711,8
6712,21
6713,15
6714,21
6715,25
6716,14
6717,21
6718,18
6719,23
6720,21
6721,16
6722,16
6723,16
6724,27
6725,16
6726,21
6727,17
6728,20
6729,14
6730,20
6731,16
6732,18
6733,13
6734,15
6735,20
6736,7
6737,20
6738,21
6739,21
6740,13
6741,22
6742,12
6743,10
6744,16
6745,16
6746,22
6747,15
6748,13
6749,17
6750,26
6751,25
6752,10
6753,17
6754,17
6755,22
6756,23
6757,15
6758,17
6759,20
6760,13
6761,23
6762,17
6763,19
6764,18
6765,14
6766,21
6767,16
6768,11
6769,15
6770,19
6771,20
6772,22
6773,13
6774,16
6775,12
6776,9
6777,19
6778,14
6779,15
6780,20
6781,23
6782,20
6783,21
6784,11
6785,16
6786,15
6787,18
6788,11
6789,16
6790,18
6791,12
6792,16
6793,16
6794,15
6795,19
6796,17
6797,21
6798,15
6799,16
6800,15
6801,17
6802,18
6803,13
6804,11
6805,19
6806,14
6807,14
6808,16
6809,19
6810,20
6811,13
6812,18
6813,17
6814,14
6815,7
6816,16
6817,21
6818,18
6819,12
6820,11
6821,16
6822,18
6823,23
6824,16
6825,9
6826,20
6827,21
6828,18
6829,24
6830,18
6831,14
6832,17
6833,18
6834,22
6835,12
6836,16
6837,15
6838,18
6839,18
6840,12
6841,17
6842,11
6843,12
6844,22
6845,24
6846,14
6847,22
6848,18
6849,13
6850,14
6851,14
6852,11
6853,15
6854,17
6855,18
6856,12
6857,12
6858,22
6859,22
6860,14
6861,23
6862,19
6863,9
6864,23
6865,14
6866,13
6867,14
6868,14
6869,13
6870,21
6871,16
6872,16
6873,14
6874,16
6875,16
6876,17
6877,22
6878,11
6879,16
6880,16
6881,13
6882,16
6883,19
6884,18
6885,15
6886,23
6887,24
6888,16
6889,12
6890,18
6891,18
6892,17
6893,16
6894,11
6895,14
6896,17
6897,17
6898,22
6899,21
6900,10
6901,18
6902,16
6903,20
6904,15
6905,7
6906,17
6907,16
6908,22
6909,11
6910,24
6911,11
6912,16
6913,14
6914,17
6915,24
6916,15
6917,18
6918,13
6919,14
6920,15
6921,14
6922,18
6923,16
6924,15
6925,16
6926,12
6927,11
6928,15
6929,11
6930,14
6931,15
6932,16
6933,23
6934,14
6935,24
6936,17
6937,19
6938,20
6939,8
6940,12
6941,19
6942,14
6943,13
6944,14
6945,8
6946,16
6947,22
6948,7
6949,15
6950,21
6951,21
6952,13
6953,15
6954,13
6955,19
6956,21
6957,18
6958,12
6959,13
6960,18
6961,26
6962,14
6963,16
6964,14
6965,14
6966,12
6967,17
6968,21
6969,18
6970,9
6971,18
6972,9
6973,19
6974,15
6975,19
6976,20
6977,17
6978,14
6979,15
6980,15
6981,18
6982,12
6983,20
6984,13
6985,21
6986,22
6987,13
6988,7
6989,21
6990,22
6991,16
6992,14
6993,15
6994,15
6995,14
6996,10
6997,14
6998,14
6999,18
7000,12
7001,16
7002,17
7003,14
7004,15
7005,22
7006,16
7007,12
7008,14
7009,15
7010,18
7011,14
7012,17
7013,18
7014,15
7015,18
7016,24
7017,16
7018,13
7019,17
7020,14
7021,15
7022,16
7023,24
7024,10
7025,11
7026,12
7027,18
7028,15
7029,10
7030,17
7031,11
7032,11
7033,10
7034,8
7035,26
7036,18
7037,15
7038,14
7039,23
7040,14
7041,14
7042,15
7043,16
7044,13
7045,13
7046,15
7047,14
7048,16
7049,12
7050,11
7051,16
7052,19
7053,22
7054,10
7055,11
7056,11
7057,20
7058,10
7059,16
7060,19
7061,16
7062,12
7063,16
7064,16
7065,15
7066,20
7067,13
7068,14
7069,18
7070,15
7071,12
7072,13
7073,13
7074,14
7075,15
7076,17
7077,15
7078,11
7079,10
7080,17
7081,12
7082,15
7083,19
7084,15
7085,11
7086,14
7087,15
7088,13
7089,21
7090,9
7091,21
7092,10
7093,13
7094,18
7095,10
7096,15
7097,17
7098,16
7099,10
7100,22
7101,12
7102,24
7103,10
7104,16
7105,16
7106,12
7107,15
7108,11
7109,11
7110,20
7111,18
7112,13
7113,12
7114,13
7115,12
7116,15
7117,16
7118,14
7119,13
7120,13
7121,14
7122,16
7123,12
7124,9
7125,23
7126,16
7127,10
7128,12
7129,15
7130,12
7131,13
7132,13
7133,13
7134,12
7135,19
7136,9
7137,13
7138,7
7139,18
7140,18
7141,16
7142,21
7143,12
7144,21
7145,13
7146,9
7147,20
7148,21
7149,9
7150,11
7151,24
7152,12
7153,18
7154,12
7155,16
7156,13
7157,19
7158,21
7159,17
7160,9
7161,22
7162,20
7163,14
7164,21
7165,12
7166,19
7167,14
7168,15
7169,11
7170,10
7171,15
7172,16
7173,22
7174,9
7175,16
7176,18
7177,9
7178,20
7179,17
7180,16
7181,12
7182,14
7183,11
7184,12
7185,14
7186,17
7187,17
7188,16
7189,12
7190,13
7191,19
7192,12
7193,11
7194,21
7195,18
7196,23
7197,14
7198,16
7199,13
7200,14
7201,13
7202,15
7203,14
7204,20
7205,16
7206,17
7207,16
7208,12
7209,22
7210,12
7211,13
7212,18
7213,11
7214,17
7215,13
7216,15
7217,6
7218,14
7219,12
7220,21
7221,15
7222,23
7223,18
7224,21
7225,17
7226,22
7227,14
7228,21
7229,18
7230,12
7231,14
7232,20
7233,17
7234,15
7235,8
7236,12
7237,18
7238,18
7239,17
7240,5
7241,11
7242,15
7243,14
7244,18
7245,16
7246,14
7247,10
7248,16
7249,13
7250,13
7251,17
7252,15
7253,16
7254,10
7255,10
7256,18
7257,18
7258,16
7259,16
7260,12
7261,15
7262,9
7263,13
7264,14
7265,17
7266,14
7267,12
7268,10
7269,12
7270,19
7271,13
7272,13
7273,16
7274,8
7275,20
7276,13
7277,11
7278,22
7279,23
7280,13
7281,11
7282,6
7283,9
7284,13
7285,8
7286,10
7287,14
7288,16
7289,10
7290,17
7291,15
7292,15
7293,19
7294,15
7295,10
7296,13
7297,14
7298,16
7299,12
7300,15
7301,14
7302,15
7303,10
7304,15
7305,16
7306,13
7307,18
7308,10
7309,14
7310,13
7311,15
7312,13
7313,17
7314,12
7315,14
7316,17
7317,14
7318,7
7319,7
7320,16
7321,18
7322,11
7323,8
7324,11
7325,13
7326,16
7327,10
7328,15
7329,8
7330,11
7331,11
7332,13
7333,16
7334,12
7335,16
7336,17
7337,17
7338,19
7339,5
7340,13
7341,13
7342,17
7343,12
7344,11
7345,17
7346,13
7347,12
7348,19
7349,14
7350,9
7351,13
7352,10
7353,11
7354,14
7355,18
7356,13
7357,16
7358,17
7359,11
7360,10
7361,15
7362,12
7363,16
7364,17
7365,15
7366,8
7367,17
7368,10
7369,17
7370,15
7371,13
7372,23
7373,15
7374,16
7375,8
7376,15
7377,8
7378,12
7379,20
7380,10
7381,9
7382,11
7383,9
7384,9
7385,12
7386,16
7387,15
7388,11
7389,15
7390,16
7391,19
7392,17
7393,15
7394,11
7395,8
7396,14
7397,15
7398,8
7399,13
7400,14
7401,15
7402,17
7403,15
7404,19
7405,12
7406,15
7407,13
7408,15
7409,13
7410,19
7411,17
7412,13
7413,18
7414,15
7415,10
7416,8
7417,11
7418,13
7419,8
7420,16
7421,6
7422,16
7423,15
7424,19
7425,12
7426,11
7427,13
7428,7
7429,16
7430,6
7431,13
7432,19
7433,17
7434,12
7435,19
7436,15
7437,15
7438,15
7439,9
7440,15
7441,17
7442,17
7443,12
7444,10
7445,9
7446,12
7447,13
7448,16
7449,14
7450,14
7451,14
7452,17
7453,17
7454,11
7455,11
7456,15
7457,14
7458,13
7459,18
7460,17
7461,11
7462,12
7463,12
7464,11
7465,16
7466,9
7467,7
7468,19
7469,12
7470,14
7471,15
7472,17
7473,13
7474,13
7475,16
7476,15
7477,14
7478,10
7479,9
7480,11
7481,2
7482,13
7483,13
7484,14
7485,7
7486,13
7487,17
7488,11
7489,13
7490,13
7491,15
7492,14
7493,12
7494,9
7495,18
7496,19
7497,15
7498,10
7499,17
7500,13
7501,12
7502,12
7503,16
7504,12
7505,12
7506,19
7507,10
7508,14
7509,16
7510,13
7511,12
7512,17
7513,15
7514,12
7515,15
7516,14
7517,12
7518,15
7519,11
7520,14
7521,12
7522,15
7523,17
7524,12
7525,9
7526,11
7527,13
7528,9
7529,18
7530,7
7531,7
7532,19
7533,13
7534,18
7535,16
7536,18
7537,12
7538,16
7539,13
7540,9
7541,13
7542,11
7543,7
7544,9
7545,8
7546,14
7547,13
7548,13
7549,17
7550,11
7551,11
7552,11
7553,13
7554,8
7555,8
7556,9
7557,21
7558,11
7559,10
7560,15
7561,13
7562,15
7563,13
7564,15
7565,13
7566,16
7567,12
7568,11
7569,14
7570,12
7571,10
7572,21
7573,16
7574,11
7575,14
7576,16
7577,13
7578,20
7579,6
7580,18
7581,12
7582,13
7583,13
7584,19
7585,12
7586,9
7587,12
7588,14
7589,15
7590,18
7591,12
7592,13
7593,19
7594,11
7595,9
7596,10
7597,10
7598,16
7599,12
7600,15
7601,10
7602,10
7603,13
7604,14
7605,14
7606,9
7607,9
7608,11
7609,8
7610,9
7611,12
7612,9
7613,17
7614,15
7615,10
7616,11
7617,12
7618,9
7619,22
7620,12
7621,9
7622,10
7623,15
7624,12
7625,11
7626,15
7627,12
7628,8
7629,8
7630,17
7631,11
7632,7
7633,6
7634,10
7635,10
7636,11
7637,11
7638,13
7639,11
7640,6
7641,18
7642,20
7643,11
7644,14
7645,12
7646,14
7647,13
7648,12
7649,10
7650,20
7651,14
7652,15
7653,15
7654,14
7655,12
7656,17
7657,18
7658,13
7659,14
7660,4
7661,8
7662,14
7663,14
7664,14
7665,8
7666,22
7667,11
7668,12
7669,12
7670,18
7671,15
7672,13
7673,13
7674,14
7675,15
7676,13
7677,12
7678,16
7679,13
7680,14
7681,11
7682,10
7683,8
7684,18
7685,18
7686,12
7687,13
7688,13
7689,15
7690,8
7691,15
7692,12
7693,12
7694,14
7695,10
7696,23
7697,7
7698,10
7699,11
7700,18
7701,9
7702,11
7703,11
7704,12
7705,11
7706,7
7707,13
7708,15
7709,18
7710,13
7711,11
7712,9
7713,8
7714,16
7715,12
7716,13
7717,18
7718,17
7719,17
7720,10
7721,11
7722,15
7723,8
7724,14
7725,11
7726,8
7727,14
7728,15
7729,13
7730,17
7731,10
7732,8
7733,12
7734,12
7735,16
7736,10
7737,15
7738,8
7739,11
7740,8
7741,11
7742,15
7743,9
7744,13
7745,5
7746,7
7747,10
7748,10
7749,15
7750,8
7751,17
7752,18
7753,14
7754,13
7755,9
7756,8
7757,13
7758,15
7759,6
7760,12
7761,9
7762,11
7763,10
7764,18
7765,12
7766,14
7767,11
7768,12
7769,15
7770,14
7771,11
7772,9
7773,8
7774,10
7775,13
7776,13
7777,13
7778,16
7779,10
7780,16
7781,16
7782,11
7783,8
7784,16
7785,9
7786,16
7787,11
7788,9
7789,20
7790,7
7791,9
7792,7
7793,12
7794,13
7795,14
7796,15
7797,18
7798,7
7799,11
7800,12
7801,12
7802,12
7803,7
7804,10
7805,9
7806,11
7807,7
7808,13
7809,15
7810,9
7811,13
7812,14
7813,12
7814,11
7815,17
7816,14
7817,10
7818,15
7819,14
7820,12
7821,12
7822,12
7823,15
7824,12
7825,12
7826,7
7827,11
7828,10
7829,9
7830,14
7831,10
7832,12
7833,19
7834,15
7835,15
7836,11
7837,15
7838,8
7839,6
7840,7
7841,13
7842,9
7843,15
7844,14
7845,4
7846,9
7847,14
7848,10
7849,9
7850,12
7851,16
7852,13
7853,12
7854,17
7855,12
7856,10
7857,12
7858,13
7859,12
7860,14
7861,11
7862,12
7863,13
7864,11
7865,9
7866,9
7867,13
7868,14
7869,10
7870,13
7871,14
7872,4
7873,21
7874,8
7875,15
7876,8
7877,11
7878,10
7879,10
7880,17
7881,17
7882,6
7883,8
7884,16
7885,15
7886,14
7887,12
7888,20
7889,12
7890,17
7891,10
7892,13
7893,12
7894,10
7895,15
7896,9
7897,14
7898,13
7899,10
7900,4
7901,8
7902,9
7903,11
7904,14
7905,4
7906,7
7907,12
7908,9
7909,8
7910,16
7911,11
7912,7
7913,13
7914,12
7915,10
7916,15
7917,19
7918,7
7919,14
7920,10
7921,11
7922,16
7923,5
7924,12
7925,14
7926,7
7927,12
7928,9
7929,11
7930,15
7931,9
7932,17
7933,12
7934,15
7935,7
7936,9
7937,14
7938,10
7939,8
7940,9
7941,8
7942,10
7943,14
7944,9
7945,14
7946,14
7947,10
7948,8
7949,7
7950,11
7951,10
7952,9
7953,11
7954,9
7955,12
7956,7
7957,16
7958,9
7959,9
7960,9
7961,10
7962,14
7963,13
7964,12
7965,10
7966,5
7967,9
7968,8
7969,10
7970,13
7971,10
7972,12
7973,11
7974,16
7975,13
7976,8
7977,12
7978,14
7979,9
7980,7
7981,10
7982,7
7983,10
7984,11
7985,8
7986,12
7987,11
7988,16
7989,14
7990,7
7991,8
7992,13
7993,9
7994,6
7995,13
7996,15
7997,5
7998,8
7999,13
8000,12
8001,12
8002,10
8003,8
8004,11
8005,9
8006,8
8007,8
8008,10
8009,11
8010,8
8011,11
8012,11
8013,12
8014,10
8015,8
8016,7
8017,8
8018,16
8019,10
8020,15
8021,15
8022,5
8023,6
8024,11
8025,8
8026,9
8027,13
8028,14
8029,8
8030,11
8031,9
8032,12
8033,14
8034,15
8035,12
8036,9
8037,10
8038,7
8039,7
8040,16
8041,8
8042,16
8043,10
8044,17
8045,9
8046,10
8047,9
8048,14
8049,13
8050,11
8051,7
8052,9
8053,14
8054,15
8055,11
8056,8
8057,5
8058,16
8059,5
8060,10
8061,10
8062,8
8063,16
8064,13
8065,12
8066,13
8067,9
8068,14
8069,11
8070,10
8071,10
8072,8
8073,9
8074,13
8075,14
8076,14
8077,13
8078,16
8079,11
8080,13
8081,10
8082,12
8083,6
8084,11
8085,10
8086,12
8087,12
8088,8
8089,8
8090,9
8091,9
8092,7
8093,11
8094,11
8095,5
8096,13
8097,13
8098,9
8099,9
8100,13
8101,12
8102,8
8103,10
8104,14
8105,11
8106,5
8107,9
8108,6
8109,8
8110,10
8111,8
8112,13
8113,16
8114,11
8115,12
8116,4
8117,11
8118,14
8119,12
8120,9
8121,14
8122,15
8123,6
8124,7
8125,16
8126,11
8127,6
8128,11
8129,3
8130,5
8131,8
8132,10
8133,7
8134,11
8135,7
8136,8
8137,16
8138,8
8139,7
8140,9
8141,13
8142,10
8143,12
8144,9
8145,8
8146,9
8147,9
8148,12
8149,7
8150,8
8151,17
8152,13
8153,7
8154,16
8155,17
8156,11
8157,5
8158,14
8159,14
8160,8
8161,8
8162,14
8163,14
8164,9
8165,2
8166,8
8167,8
8168,17
8169,9
8170,13
8171,12
8172,11
8173,14
8174,7
8175,11
8176,13
8177,7
8178,13
8179,10
8180,9
8181,8
8182,15
8183,12
8184,15
8185,11
8186,18
8187,9
8188,13
8189,12
8190,8
8191,10
8192,9
8193,17
8194,8
8195,11
8196,9
8197,11
8198,8
8199,13
8200,8
8201,12
8202,8
8203,6
8204,15
8205,10
8206,7
8207,15
8208,12
8209,11
8210,6
8211,7
8212,8
8213,16
8214,11
8215,12
8216,9
8217,9
8218,12
8219,8
8220,12
8221,11
8222,11
8223,8
8224,9
8225,6
8226,8
8227,8
8228,5
8229,10
8230,13
8231,8
8232,3
8233,9
8234,12
8235,15
8236,9
8237,10
8238,11
8239,15
8240,13
8241,16
8242,12
8243,13
8244,12
8245,10
8246,9
8247,8
8248,10
8249,7
8250,10
8251,4
8252,6
8253,8
8254,10
8255,8
8256,11
8257,8
8258,12
8259,7
8260,10
8261,8
8262,7
8263,12
8264,11
8265,10
8266,10
8267,7
8268,8
8269,7
8270,11
8271,11
8272,9
8273,8
8274,13
8275,13
8276,12
8277,11
8278,12
8279,7
8280,11
8281,8
8282,8
8283,13
8284,3
8285,11
8286,10
8287,10
8288,8
8289,14
8290,12
8291,14
8292,13
8293,14
8294,8
8295,11
8296,10
8297,10
8298,5
8299,11
8300,6
8301,11
8302,13
8303,12
8304,15
8305,6
8306,11
8307,8
8308,13
8309,8
8310,10
8311,7
8312,7
8313,8
8314,10
8315,9
8316,9
8317,9
8318,8
8319,10
8320,9
8321,9
8322,10
8323,11
8324,16
8325,7
8326,9
8327,8
8328,8
8329,12
8330,15
8331,5
8332,15
8333,6
8334,12
8335,6
8336,10
8337,9
8338,9
8339,15
8340,5
8341,8
8342,12
8343,11
8344,5
8345,16
8346,11
8347,18
8348,11
8349,10
8350,9
8351,18
8352,8
8353,7
8354,10
8355,14
8356,12
8357,13
8358,10
8359,7
8360,10
8361,9
8362,19
8363,7
8364,14
8365,8
8366,7
8367,10
8368,10
8369,9
8370,12
8371,13
8372,16
8373,15
8374,16
8375,3
8376,9
8377,2
8378,8
8379,4
8380,15
8381,7
8382,11
8383,13
8384,11
8385,8
8386,13
8387,8
8388,9
8389,12
8390,8
8391,17
8392,8
8393,6
8394,10
8395,3
8396,4
8397,15
8398,9
8399,12
8400,8
8401,13
8402,7
8403,10
8404,10
8405,9
8406,9
8407,11
8408,10
8409,13
8410,11
8411,13
8412,11
8413,12
8414,6
8415,5
8416,7
8417,6
8418,10
8419,7
8420,12
8421,4
8422,10
8423,8
8424,16
8425,12
8426,8
8427,9
8428,9
8429,8
8430,8
8431,10
8432,12
8433,7
8434,10
8435,9
8436,14
8437,13
8438,8
8439,16
8440,12
8441,8
8442,14
8443,13
8444,13
8445,8
8446,10
8447,15
8448,13
8449,13
8450,12
8451,10
8452,8
8453,7
8454,7
8455,7
8456,6
8457,18
8458,10
8459,8
8460,17
8461,15
8462,14
8463,18
8464,12
8465,6
8466,16
8467,4
8468,8
8469,9
8470,9
8471,13
8472,12
8473,16
8474,7
8475,7
8476,13
8477,10
8478,6
8479,7
8480,8
8481,8
8482,7
8483,7
8484,12
8485,6
8486,9
8487,7
8488,3
8489,11
8490,7
8491,6
8492,11
8493,9
8494,10
8495,8
8496,6
8497,11
8498,11
8499,6
8500,9
8501,3
8502,7
8503,5
8504,12
8505,15
8506,11
8507,12
8508,4
8509,15
8510,7
8511,11
8512,12
8513,5
8514,7
8515,16
8516,7
8517,12
8518,11
8519,11
8520,13
8521,7
8522,6
8523,12
8524,9
8525,10
8526,13
8527,12
8528,10
8529,3
8530,13
8531,10
8532,9
8533,8
8534,11
8535,12
8536,16
8537,10
8538,9
8539,12
8540,9
8541,8
8542,10
8543,7
8544,6
8545,13
8546,8
8547,13
8548,11
8549,3
8550,11
8551,7
8552,10
8553,12
8554,11
8555,11
8556,14
8557,6
8558,4
8559,6
8560,12
8561,9
8562,9
8563,8
8564,15
8565,8
8566,9
8567,7
8568,7
8569,9
8570,6
8571,3
8572,14
8573,3
8574,9
8575,10
8576,6
8577,14
8578,5
8579,10
8580,13
8581,11
8582,12
8583,4
8584,10
8585,10
8586,12
8587,7
8588,8
8589,5
8590,7
8591,6
8592,8
8593,9
8594,13
8595,10
8596,8
8597,13
8598,11
8599,7
8600,10
8601,13
8602,9
8603,10
8604,12
8605,6
8606,6
8607,15
8608,8
8609,6
8610,6
8611,11
8612,6
8613,7
8614,10
8615,11
8616,5
8617,5
8618,10
8619,9
8620,7
8621,5
8622,5
8623,7
8624,8
8625,6
8626,13
8627,7
8628,6
8629,10
8630,9
8631,14
8632,8
8633,4
8634,16
8635,8
8636,7
8637,7
8638,13
8639,11
8640,10
8641,7
8642,6
8643,6
8644,9
8645,8
8646,6
8647,10
8648,7
8649,7
8650,7
8651,7
8652,10
8653,6
8654,5
8655,6
8656,8
8657,10
8658,5
8659,9
8660,8
8661,8
8662,6
8663,6
8664,8
8665,4
8666,11
8667,5
8668,8
8669,7
8670,9
8671,10
8672,4
8673,8
8674,6
8675,13
8676,14
8677,6
8678,3
8679,10
8680,16
8681,9
8682,10
8683,17
8684,7
8685,9
8686,7
8687,8
8688,10
8689,8
8690,6
8691,7
8692,8
8693,2
8694,8
8695,7
8696,4
8697,8
8698,5
8699,5
8700,11
8701,8
8702,6
8703,5
8704,6
8705,6
8706,9
8707,11
8708,7
8709,9
8710,10
8711,9
8712,8
8713,13
8714,8
8715,5
8716,10
8717,6
8718,11
8719,12
8720,8
8721,12
8722,12
8723,10
8724,6
8725,5
8726,9
8727,10
8728,5
8729,10
8730,7
8731,11
8732,3
8733,9
8734,6
8735,7
8736,17
8737,10
8738,9
8739,6
8740,6
8741,11
8742,12
8743,4
8744,9
8745,4
8746,12
8747,13
8748,9
8749,9
8750,6
8751,7
8752,13
8753,4
8754,8
8755,12
8756,6
8757,7
8758,7
8759,9
8760,7
8761,8
8762,5
8763,8
8764,8
8765,8
8766,8
8767,9
8768,9
8769,6
8770,11
8771,9
8772,7
8773,11
8774,7
8775,6
8776,7
8777,10
8778,10
8779,7
8780,9
8781,10
8782,7
8783,5
8784,11
8785,5
8786,8
8787,9
8788,12
8789,9
8790,4
8791,9
8792,6
8793,6
8794,13
8795,10
8796,5
8797,5
8798,2
8799,5
8800,8
8801,6
8802,6
8803,7
8804,7
8805,8
8806,9
8807,9
8808,10
8809,10
8810,6
8811,5
8812,9
8813,10
8814,7
8815,7
8816,9
8817,6
8818,7
8819,9
8820,9
8821,9
8822,8
8823,10
8824,8
8825,10
8826,9
8827,10
8828,6
8829,10
8830,9
8831,8
8832,8
8833,4
8834,9
8835,8
8836,11
8837,7
8838,9
8839,14
8840,13
8841,7
8842,7
8843,3
8844,5
8845,12
8846,11
8847,5
8848,9
8849,6
8850,7
8851,6
8852,14
8853,6
8854,8
8855,11
8856,7
8857,9
8858,11
8859,7
8860,7
8861,10
8862,13
8863,1
8864,9
8865,8
8866,10
8867,8
8868,9
8869,7
8870,4
8871,11
8872,9
8873,3
8874,12
8875,6
8876,5
8877,10
8878,10
8879,7
8880,11
8881,9
8882,11
8883,4
8884,8
8885,8
8886,8
8887,7
8888,15
8889,9
8890,10
8891,7
8892,5
8893,5
8894,11
8895,5
8896,12
8897,9
8898,5
8899,11
8900,6
8901,4
8902,7
8903,4
8904,9
8905,8
8906,8
8907,9
8908,7
8909,6
8910,5
8911,7
8912,11
8913,10
8914,10
8915,4
8916,7
8917,13
8918,9
8919,15
8920,4
8921,5
8922,14
8923,12
8924,11
8925,10
8926,9
8927,8
8928,9
8929,10
8930,7
8931,8
8932,8
8933,12
8934,3
8935,6
8936,4
8937,12
8938,11
8939,4
8940,8
8941,6
8942,9
8943,14
8944,10
8945,6
8946,8
8947,6
8948,7
8949,8
8950,9
8951,6
8952,14
8953,11
8954,5
8955,3
8956,7
8957,9
8958,4
8959,11
8960,5
8961,6
8962,6
8963,9
8964,13
8965,11
8966,8
8967,5
8968,5
8969,5
8970,9
8971,5
8972,7
8973,8
8974,7
8975,11
8976,5
8977,10
8978,11
8979,12
8980,11
8981,7
8982,8
8983,7
8984,4
8985,11
8986,5
8987,8
8988,12
8989,5
8990,13
8991,8
8992,11
8993,13
8994,7
8995,8
8996,6
8997,7
8998,6
8999,4
9000,9
9001,9
9002,5
9003,8
9004,6
9005,11
9006,8
9007,9
9008,10
9009,10
9010,4
9011,11
9012,10
9013,9
9014,2
9015,7
9016,4
9017,3
9018,10
9019,4
9020,13
9021,9
9022,10
9023,8
9024,5
9025,6
9026,10
9027,2
9028,8
9029,7
9030,7
9031,9
9032,4
9033,5
9034,4
9035,10
9036,6
9037,9
9038,14
9039,11
9040,6
9041,10
9042,5
9043,7
9044,7
9045,8
9046,6
9047,9
9048,9
9049,7
9050,8
9051,8
9052,8
9053,7
9054,4
9055,4
9056,4
9057,8
9058,10
9059,5
9060,8
9061,4
9062,10
9063,9
9064,5
9065,4
9066,9
9067,6
9068,11
9069,10
9070,8
9071,4
9072,6
9073,9
9074,6
9075,6
9076,12
9077,6
9078,8
9079,10
9080,4
9081,7
9082,6
9083,10
9084,5
9085,10
9086,9
9087,4
9088,12
9089,10
9090,8
9091,5
9092,9
9093,7
9094,9
9095,10
9096,8
9097,9
9098,7
9099,8
9100,5
9101,1
9102,11
9103,11
9104,8
9105,4
9106,11
9107,5
9108,10
9109,12
9110,10
9111,5
9112,7
9113,12
9114,9
9115,4
9116,7
9117,6
9118,5
9119,5
9120,6
9121,9
9122,11
9123,3
9124,9
9125,6
9126,5
9127,10
9128,8
9129,7
9130,10
9131,6
9132,5
9133,12
9134,11
9135,8
9136,4
9137,3
9138,13
9139,7
9140,7
9141,6
9142,9
9143,5
9144,7
9145,12
9146,8
9147,7
9148,8
9149,10
9150,4
9151,13
9152,11
9153,12
9154,9
9155,8
9156,6
9157,16
9158,10
9159,8
9160,11
9161,6
9162,4
9163,12
9164,3
9165,2
9166,5
9167,4
9168,12
9169,11
9170,5
9171,8
9172,3
9173,6
9174,5
9175,8
9176,3
9177,7
9178,10
9179,6
9180,9
9181,8
9182,3
9183,4
9184,8
9185,12
9186,7
9187,3
9188,3
9189,6
9190,9
9191,2
9192,7
9193,6
9194,7
9195,4
9196,8
9197,6
9198,9
9199,3
9200,7
9201,7
9202,11
9203,11
9204,7
9205,11
9206,10
9207,13
9208,7
9209,6
9210,9
9211,8
9212,6
9213,7
9214,6
9215,9
9216,2
9217,7
9218,4
9219,10
9220,8
9221,5
9222,7
9223,4
9224,3
9225,5
9226,4
9227,3
9228,9
9229,7
9230,8
9231,5
9232,5
9233,7
9234,8
9235,6
9236,9
9237,9
9238,8
9239,4
9240,2
9241,7
9242,13
9243,10
9244,8
9245,9
9246,6
9247,10
9248,4
9249,7
9250,5
9251,5
9252,12
9253,5
9254,7
9255,10
9256,10
9257,7
9258,2
9259,6
9260,13
9261,9
9262,5
9263,4
9264,11
9265,6
9266,6
9267,6
9268,5
9269,13
9270,6
9271,6
9272,6
9273,6
9274,7
9275,5
9276,10
9277,11
9278,8
9279,9
9280,6
9281,10
9282,4
9283,6
9284,7
9285,4
9286,9
9287,9
9288,3
9289,2
9290,8
9291,7
9292,5
9293,9
9294,8
9295,7
9296,8
9297,11
9298,3
9299,6
9300,6
9301,3
9302,7
9303,8
9304,8
9305,6
9306,6
9307,11
9308,3
9309,6
9310,9
9311,11
9312,9
9313,10
9314,9
9315,13
9316,8
9317,9
9318,1
9319,8
9320,11
9321,6
9322,4
9323,6
9324,7
9325,5
9326,5
9327,7
9328,4
9329,4
9330,10
9331,6
9332,6
9333,9
9334,9
9335,4
9336,1
9337,5
9338,3
9339,4
9340,8
9341,7
9342,4
9343,8
9344,8
9345,8
9346,4
9347,7
9348,5
9349,9
9350,7
9351,3
9352,9
9353,10
9354,4
9355,7
9356,4
9357,8
9358,3
9359,9
9360,2
9361,9
9362,5
9363,5
9364,7
9365,7
9366,7
9367,4
9368,7
9369,6
9370,7
9371,6
9372,9
9373,6
9374,4
9375,8
9376,8
9377,8
9378,6
9379,7
9380,10
9381,2
9382,10
9383,5
9384,10
9385,8
9386,6
9387,7
9388,8
9389,6
9390,3
9391,10
9392,4
9393,3
9394,6
9395,5
9396,8
9397,6
9398,4
9399,9
9400,11
9401,7
9402,10
9403,8
9404,3
9405,3
9406,7
9407,7
9408,2
9409,5
9410,13
9411,7
9412,6
9413,4
9414,6
9415,6
9416,4
9417,4
9418,6
9419,9
9420,7
9421,6
9422,4
9423,5
9424,6
9425,8
9426,7
9427,5
9428,9
9429,5
9430,7
9431,4
9432,7
9433,5
9434,11
9435,6
9436,5
9437,7
9438,6
9439,8
9440,5
9441,4
9442,3
9443,9
9444,4
9445,9
9446,4
9447,6
9448,9
9449,5
9450,11
9451,7
9452,7
9453,4
9454,3
9455,6
9456,3
9457,6
9458,5
9459,4
9460,12
9461,7
9462,4
9463,9
9464,4
9465,6
9466,4
9467,9
9468,9
9469,10
9470,3
9471,7
9472,3
9473,5
9474,2
9475,1
9476,4
9477,4
9478,5
9479,6
9480,3
9481,10
9482,4
9483,8
9484,5
9485,6
9486,4
9487,5
9488,7
9489,3
9490,8
9491,7
9492,8
9493,5
9494,4
9495,12
9496,3
9497,7
9498,6
9499,5
9500,9
9501,6
9502,3
9503,7
9504,10
9505,6
9506,5
9507,5
9508,9
9509,8
9510,6
9511,3
9512,9
9513,6
9514,7
9515,6
9516,6
9517,10
9518,6
9519,6
9520,2
9521,12
9522,7
9523,9
9524,9
9525,2
9526,12
9527,7
9528,5
9529,4
9530,4
9531,5
9532,4
9533,8
9534,5
9535,7
9536,9
9537,16
9538,5
9539,7
9540,7
9541,8
9542,9
9543,11
9544,7
9545,9
9546,3
9547,4
9548,8
9549,8
9550,8
9551,5
9552,5
9553,5
9554,8
9555,5
9556,10
9557,7
9558,4
9559,8
9560,7
9561,8
9562,7
9563,9
9564,5
9565,5
9566,6
9567,3
9568,7
9569,6
9570,7
9571,7
9572,10
9573,5
9574,5
9575,5
9576,5
9577,5
9578,6
9579,6
9580,8
9581,9
9582,9
9583,4
9584,12
9585,3
9586,10
9587,10
9588,6
9589,5
9590,9
9591,5
9592,1
9593,11
9594,6
9595,6
9596,8
9597,5
9598,5
9599,7
9600,5
9601,4
9602,2
9603,5
9604,5
9605,7
9606,10
9607,5
9608,14
9609,11
9610,8
9611,6
9612,7
9613,4
9614,7
9615,9
9616,3
9617,3
9618,7
9619,4
9620,9
9621,8
9622,3
9623,6
9624,6
9625,11
9626,5
9627,10
9628,5
9629,7
9630,12
9631,7
9632,5
9633,6
9634,8
9635,8
9636,8
9637,6
9638,5
9639,10
9640,2
9641,9
9642,5
9643,5
9644,9
9645,2
9646,7
9647,8
9648,5
9649,4
9650,6
9651,7
9652,1
9653,7
9654,5
9655,11
9656,3
9657,5
9658,8
9659,4
9660,6
9661,8
9662,3
9663,8
9664,6
9665,5
9666,8
9667,6
9668,4
9669,6
9670,3
9671,6
9672,4
9673,4
9674,2
9675,6
9676,7
9677,9
9678,6
9679,7
9680,6
9681,9
9682,7
9683,7
9684,7
9685,5
9686,4
9687,4
9688,5
9689,11
9690,3
9691,4
9692,4
9693,4
9694,2
9695,6
9696,9
9697,4
9698,4
9699,8
9700,5
9701,10
9702,7
9703,10
9704,6
9705,5
9706,8
9707,3
9708,6
9709,9
9710,7
9711,8
9712,11
9713,9
9714,8
9715,6
9716,7
9717,7
9718,4
9719,4
9720,9
9721,8
9722,6
9723,9
9724,4
9725,6
9726,6
9727,4
9728,5
9729,9
9730,9
9731,6
9732,6
9733,8
9734,5
9735,6
9736,7
9737,4
9738,4
9739,4
9740,5
9741,8
9742,4
9743,5
9744,4
9745,7
9746,6
9747,2
9748,6
9749,3
9750,4
9751,5
9752,6
9753,6
9754,4
9755,5
9756,11
9757,5
9758,4
9759,8
9760,6
9761,11
9762,6
9763,5
9764,4
9765,5
9766,2
9767,4
9768,6
9769,10
9770,7
9771,8
9772,6
9773,3
9774,8
9775,8
9776,9
9777,3
9778,5
9779,7
9780,1
9781,7
9782,6
9783,7
9784,9
9785,8
9786,5
9787,4
9788,8
9789,7
9790,10
9791,5
9792,6
9793,6
9794,8
9795,5
9796,3
9797,4
9798,6
9799,8
9800,3
9801,5
9802,3
9803,1
9804,4
9805,6
9806,5
9807,11
9808,4
9809,7
9810,5
9811,3
9812,5
9813,2
9814,13
9815,6
9816,7
9817,2
9818,6
9819,5
9820,4
9821,7
9822,5
9823,7
9824,9
9825,6
9826,14
9827,6
9828,11
9829,8
9830,7
9831,3
9832,7
9833,11
9834,8
9835,11
9836,6
9837,6
9838,10
9839,7
9840,3
9841,4
9842,7
9843,3
9844,6
9845,3
9846,6
9847,5
9848,5
9849,4
9850,5
9851,10
9852,5
9853,4
9854,6
9855,3
9856,4
9857,9
9858,10
9859,2
9860,6
9861,1
9862,9
9863,7
9864,8
9865,3
9866,3
9867,4
9868,6
9869,7
9870,7
9871,8
9872,9
9873,9
9874,4
9875,6
9876,8
9877,4
9878,7
9879,6
9880,6
9881,8
9882,6
9883,6
9884,7
9885,7
9886,10
9887,3
9888,9
9889,6
9890,6
9891,6
9892,7
9893,7
9894,5
9895,5
9896,4
9897,4
9898,6
9899,2
9900,10
9901,6
9902,4
9903,8
9904,9
9905,3
9906,7
9907,5
9908,12
9909,5
9910,3
9911,3
9912,3
9913,5
9914,5
9915,7
9916,3
9917,2
9918,7
9919,5
9920,7
9921,8
9922,7
9923,7
9924,9
9925,4
9926,4
9927,5
9928,5
9929,10
9930,6
9931,6
9932,3
9933,5
9934,8
9935,7
9936,5
9937,13
9938,10
9939,5
9940,4
9941,6
9942,6
9943,4
9944,8
9945,6
9946,8
9947,6
9948,9
9949,6
9950,6
9951,9
9952,8
9953,4
9954,8
9955,4
9956,5
9957,7
9958,7
9959,3
9960,7
9961,4
9962,4
9963,5
9964,5
9965,7
9966,6
9967,4
9968,5
9969,10
9970,6
9971,11
9972,4
9973,3
9974,2
9975,4
9976,7
9977,9
9978,9
9979,12
9980,7
9981,4
9982,5
9983,6
9984,6
9985,8
9986,6
9987,4
9988,5
9989,8
9990,5
9991,9
9992,10
9993,6
9994,6
9995,7
9996,3
9997,8
9998,2
9999,3
10000,3
10001,3
10002,9
10003,4
10004,10
10005,2
10006,2
10007,9
10008,2
10009,8
10010,8
10011,4
10012,6
10013,4
10014,7
10015,9
10016,7
10017,5
10018,8
10019,10
10020,3
10021,5
10022,3
10023,7
10024,6
10025,3
10026,3
10027,8
10028,7
10029,5
10030,9
10031,8
10032,6
10033,6
10034,2
10035,7
10036,4
10037,2
10038,7
10039,4
10040,4
10041,5
10042,4
10043,2
10044,6
10045,4
10046,5
10047,2
10048,9
10049,4
10050,5
10051,3
10052,10
10053,11
10054,3
10055,5
10056,5
10057,5
10058,3
10059,6
10060,5
10061,11
10062,9
10063,5
10064,6
10065,5
10066,11
10067,2
10068,7
10069,5
10070,9
10071,9
10072,3
10073,6
10074,10
10075,8
10076,4
10077,6
10078,5
10079,5
10080,4
10081,6
10082,5
10083,2
10084,2
10085,5
10086,8
10087,6
10088,6
10089,4
10090,6
10091,10
10092,3
10093,5
10094,6
10095,5
10096,8
10097,7
10098,5
10099,5
10100,8
10101,3
10102,6
10103,11
10104,7
10105,6
10106,5
10107,5
10108,5
10109,5
10110,3
10111,7
10112,5
10113,6
10114,2
10115,8
10116,4
10117,5
10118,8
10119,10
10120,7
10121,8
10122,5
10123,4
10124,9
10125,4
10126,1
10127,10
10128,3
10129,8
10130,8
10131,6
10132,6
10133,8
10134,3
10135,3
10136,13
10137,3
10138,7
10139,5
10140,7
10141,4
10142,5
10143,7
10144,3
10145,5
10146,3
10147,3
10149,5
10150,1
10151,8
10152,6
10153,6
10154,5
10155,5
10156,3
10157,6
10158,4
10159,8
10160,4
10161,9
10162,5
10163,7
10164,5
10165,8
10166,3
10167,1
10168,6
10169,5
10170,5
10171,6
10172,5
10173,5
10174,4
10175,7
10176,7
10177,3
10178,4
10179,5
10180,4
10181,6
10182,2
10183,5
10184,8
10185,3
10186,3
10187,7
10188,7
10189,6
10190,11
10191,9
10192,7
10193,12
10194,3
10195,5
10196,6
10197,5
10198,1
10199,5
10200,3
10201,5
10202,10
10203,2
10204,6
10205,6
10206,3
10207,12
10208,2
10209,5
10210,3
10211,4
10212,5
10213,7
10214,4
10215,7
10216,5
10217,5
10218,7
10219,6
10220,6
10221,10
10222,5
10223,4
10224,9
10225,10
10226,4
10227,6
10228,7
10229,5
10230,2
10231,8
10232,10
10233,8
10234,7
10235,5
10236,2
10237,8
10238,5
10239,4
10240,10
10241,9
10242,7
10243,4
10244,6
10245,2
10246,7
10247,10
10248,10
10249,11
10250,4
10251,5
10252,6
10253,8
10254,5
10255,9
10256,5
10257,4
10258,5
10259,5
10260,4
10261,6
10262,9
10263,1
10264,5
10265,10
10266,5
10267,5
10268,4
10269,6
10270,3
10271,1
10272,3
10273,8
10274,6
10275,4
10276,1
10277,4
10278,3
10279,2
10280,6
10281,4
10282,7
10283,4
10284,5
10285,4
10286,10
10287,4
10288,3
10289,4
10290,6
10291,7
10292,4
10293,2
10294,3
10295,4
10296,4
10297,3
10298,6
10299,1
10300,3
10301,6
10302,1
10303,6
10304,2
10305,5
10306,9
10307,5
10308,3
10309,7
10310,4
10311,6
10312,3
10313,4
10314,2
10315,2
10316,7
10317,5
10318,4
10319,3
10320,8
10321,6
10322,2
10323,6
10324,5
10325,7
10326,5
10327,5
10328,5
10329,5
10330,7
10331,3
10332,4
10333,4
10334,3
10335,14
10336,9
10337,8
10338,7
10339,4
10340,6
10341,7
10342,5
10343,5
10344,4
10345,4
10346,6
10347,6
10348,3
10349,5
10350,6
10351,4
10352,6
10353,12
10354,6
10355,4
10356,5
10357,8
10358,6
10359,1
10360,5
10361,3
10362,4
10363,5
10364,4
10365,4
10366,7
10367,8
10368,8
10369,4
10370,7
10371,7
10372,5
10373,2
10374,1
10375,9
10376,5
10377,1
10378,6
10379,8
10380,8
10381,8
10382,2
10383,11
10384,1
10385,3
10386,1
10387,4
10388,7
10389,10
10390,2
10391,3
10392,5
10393,8
10394,9
10395,2
10396,5
10397,8
10398,2
10399,7
10400,5
10401,6
10403,8
10404,5
10405,5
10406,2
10407,2
10408,3
10409,4
10410,7
10411,6
10412,3
10413,4
10414,7
10415,4
10416,3
10417,5
10418,6
10419,9
10420,6
10421,2
10422,5
10423,7
10424,7
10425,9
10426,6
10427,5
10428,9
10429,7
10430,5
10431,6
10432,9
10433,3
10434,4
10435,6
10436,5
10437,5
10438,7
10439,2
10440,8
10441,5
10442,5
10443,4
10444,6
10445,1
10446,7
10447,4
10448,6
10449,6
10450,3
10451,6
10452,7
10453,6
10454,8
10455,4
10456,3
10457,7
10458,7
10459,6
10460,10
10461,4
10462,2
10463,6
10464,3
10465,6
10466,6
10467,4
10468,4
10469,7
10470,3
10471,6
10472,1
10473,8
10474,4
10475,8
10476,1
10477,9
10478,4
10479,5
10480,1
10481,3
10482,3
10483,8
10484,4
10485,2
10486,1
10487,5
10488,6
10489,3
10490,6
10491,7
10492,5
10493,3
10494,6
10495,3
10496,5
10497,7
10498,4
10499,7
10500,3
10501,8
10502,3
10503,2
10504,9
10505,5
10506,6
10507,1
10508,9
10509,10
10510,8
10511,2
10512,3
10513,3
10514,4
10515,8
10516,5
10517,3
10518,2
10519,8
10520,4
10521,7
10522,7
10523,9
10524,8
10525,3
10526,4
10527,4
10528,6
10529,4
10530,5
10531,4
10533,6
10534,4
10535,5
10536,2
10537,5
10538,5
10539,7
10540,3
10541,2
10542,7
10543,6
10544,7
10545,5
10546,3
10547,5
10548,3
10549,1
10550,4
10551,4
10552,5
10553,5
10554,5
10555,4
10556,7
10557,10
10558,4
10559,4
10560,9
10561,8
10562,6
10563,3
10564,8
10565,9
10566,3
10567,6
10568,8
10569,3
10570,5
10571,4
10572,2
10573,4
10574,6
10575,4
10576,3
10577,2
10578,4
10579,5
10580,8
10581,1
10582,2
10583,4
10584,7
10585,6
10586,8
10587,5
10589,5
10590,3
10591,6
10592,4
10593,2
10594,7
10595,3
10596,6
10597,8
10598,6
10599,3
10600,7
10601,4
10602,6
10603,2
10604,9
10605,5
10606,4
10607,3
10608,4
10609,5
10610,6
10611,1
10612,6
10613,6
10614,6
10615,5
10616,3
10617,5
10618,3
10619,2
10620,6
10621,4
10622,5
10623,4
10624,6
10625,6
10626,7
10627,6
10628,5
10629,6
10630,7
10631,6
10632,4
10633,8
10634,4
10635,7
10636,5
10637,4
10638,3
10639,4
10641,6
10642,4
10643,8
10644,7
10645,2
10646,5
10647,5
10648,4
10649,3
10650,4
10651,2
10652,7
10653,1
10654,7
10655,7
10656,4
10657,7
10658,2
10659,2
10660,4
10661,7
10662,4
10663,5
10664,7
10665,4
10666,7
10667,1
10668,7
10669,3
10670,6
10671,5
10672,7
10673,8
10674,4
10675,6
10676,2
10677,10
10678,4
10679,4
10680,3
10681,2
10682,2
10683,5
10684,3
10685,3
10686,3
10687,9
10688,6
10689,4
10690,7
10691,3
10692,5
10693,4
10694,7
10695,6
10696,10
10697,2
10698,8
10699,4
10700,4
10701,3
10702,3
10703,5
10704,4
10706,2
10707,2
10708,4
10709,3
10710,7
10711,7
10712,5
10713,4
10714,3
10715,4
10716,7
10717,5
10718,2
10719,5
10720,3
10721,7
10722,2
10723,7
10724,6
10725,4
10726,4
10727,5
10728,2
10729,1
10730,5
10731,5
10732,4
10733,3
10734,4
10735,4
10736,6
10737,7
10738,2
10739,4
10740,8
10741,4
10742,7
10743,6
10744,6
10745,4
10746,4
10747,6
10748,1
10749,4
10750,8
10751,3
10752,4
10753,4
10754,4
10755,3
10756,8
10757,1
10758,5
10759,2
10760,5
10761,3
10762,6
10763,7
10764,4
10765,3
10766,8
10767,5
10768,7
10769,6
10770,3
10771,6
10772,6
10773,4
10774,6
10775,6
10776,2
10777,6
10778,4
10779,7
10780,5
10781,6
10782,4
10783,8
10784,6
10785,3
10786,3
10787,7
10788,5
10789,7
10790,1
10791,4
10792,4
10793,4
10794,6
10795,3
10796,8
10797,6
10798,7
10799,5
10800,1
10801,9
10802,2
10803,3
10804,2
10805,3
10806,7
10807,6
10808,4
10809,7
10810,3
10811,3
10812,5
10813,3
10814,3
10815,4
10816,3
10817,8
10818,2
10819,7
10820,2
10821,4
10822,2
10823,3
10824,4
10825,7
10826,5
10827,5
10828,4
10829,8
10830,3
10831,8
10832,2
10833,8
10834,6
10835,5
10836,4
10837,3
10838,5
10839,6
10840,5
10841,5
10842,3
10843,4
10844,4
10845,4
10846,9
10847,2
10848,3
10849,5
10850,7
10851,4
10852,3
10853,7
10854,2
10855,4
10856,6
10857,5
10858,7
10859,4
10860,4
10861,3
10862,4
10863,7
10864,5
10865,4
10866,8
10867,6
10868,5
10869,1
10870,1
10871,9
10872,8
10873,5
10874,3
10875,4
10876,5
10877,2
10878,4
10879,6
10880,5
10881,6
10882,5
10883,2
10884,5
10885,5
10886,4
10887,4
10888,5
10889,6
10890,3
10891,4
10892,4
10893,4
10894,3
10895,5
10896,5
10897,4
10898,3
10899,7
10900,4
10901,5
10902,3
10903,5
10905,3
10906,1
10907,9
10908,5
10909,1
10910,6
10911,5
10912,3
10913,5
10914,3
10915,3
10916,8
10917,4
10918,2
10919,8
10920,2
10921,5
10922,4
10923,3
10924,3
10925,4
10926,4
10927,3
10928,3
10929,4
10930,8
10931,7
10932,3
10933,7
10934,3
10935,5
10936,3
10937,9
10938,9
10939,6
10940,3
10941,7
10942,6
10943,3
10944,4
10945,2
10946,5
10947,5
10948,2
10949,3
10950,4
10951,5
10952,5
10953,5
10954,6
10955,4
10956,7
10957,7
10958,3
10959,4
10960,4
10961,4
10962,7
10963,3
10964,2
10965,2
10966,10
10967,4
10968,3
10969,4
10970,7
10971,5
10972,4
10973,2
10974,4
10975,2
10976,6
10977,1
10978,5
10979,7
10980,5
10981,3
10982,2
10983,9
10984,4
10985,1
10986,2
10987,4
10988,5
10989,4
10990,2
10991,4
10992,7
10993,4
10994,7
10995,3
10996,8
10997,4
10998,1
10999,7
11000,5
11001,2
11002,1
11003,4
11004,3
11005,5
11006,3
11007,1
11008,3
11009,8
11010,5
11011,3
11012,4
11013,5
11014,5
11015,6
11016,3
11017,5
11018,5
11019,6
11020,9
11021,6
11022,3
11023,4
11024,5
11025,2
11026,1
11027,1
11028,5
11029,2
11030,4
11031,4
11032,3
11033,2
11034,6
11035,6
11036,4
11037,5
11038,4
11039,6
11040,3
11041,7
11042,1
11043,10
11044,6
11045,3
11046,7
11047,2
11048,3
11049,5
11050,7
11051,3
11052,4
11053,5
11054,2
11055,6
11056,6
11057,5
11058,7
11059,5
11060,7
11061,9
11062,2
11063,5
11064,4
11065,5
11066,4
11067,2
11068,3
11069,3
11070,1
11071,4
11072,1
11073,5
11074,3
11075,4
11076,3
11077,5
11078,4
11079,5
11080,4
11081,12
11082,3
11083,3
11084,7
11085,2
11086,4
11087,5
11088,3
11089,1
11091,5
11092,2
11093,8
11094,4
11095,3
11096,8
11097,2
11098,2
11099,7
11100,4
11101,6
11102,4
11103,8
11104,8
11105,6
11106,4
11107,6
11108,3
11109,4
11110,8
11111,1
11113,5
11114,6
11115,4
11116,4
11117,4
11119,2
11120,3
11121,6
11122,4
11123,4
11124,8
11125,10
11126,4
11127,4
11128,1
11129,5
11130,4
11131,5
11132,5
11133,6
11134,4
11135,1
11136,7
11137,5
11138,4
11139,7
11141,1
11142,7
11143,5
11144,4
11145,3
11146,2
11147,2
11148,6
11149,3
11150,4
11151,2
11152,4
11153,4
11154,5
11155,4
11156,3
11157,6
11158,6
11159,3
11160,1
11161,4
11162,5
11163,2
11164,4
11165,6
11166,5
11167,4
11168,6
11169,3
11170,3
11171,7
11172,1
11173,3
11174,7
11175,3
11176,3
11177,2
11178,6
11179,3
11180,5
11181,4
11182,6
11183,4
11184,4
11185,7
11186,2
11187,3
11188,1
11189,5
11190,2
11191,2
11192,5
11193,7
11194,4
11195,2
11196,6
11197,2
11198,3
11199,2
11200,2
11201,7
11202,3
11203,9
11204,1
11205,4
11206,2
11207,6
11208,2
11209,4
11210,1
11211,7
11212,4
11213,3
11214,5
11215,4
11216,5
11217,5
11218,5
11219,3
11220,4
11221,4
11222,6
11223,6
11224,5
11225,3
11226,7
11227,2
11228,5
11229,5
11230,7
11231,1
11232,5
11233,3
11234,5
11235,9
11236,3
11237,5
11238,7
11239,8
11240,3
11241,4
11242,8
11243,2
11244,4
11245,4
11246,3
11247,3
11248,5
11249,2
11250,5
11251,3
11252,3
11253,2
11254,3
11255,9
11256,3
11257,7
11258,5
11259,2
11260,5
11261,9
11262,6
11263,4
11264,2
11265,7
11266,4
11267,5
11268,4
11269,3
11270,2
11271,2
11272,3
11273,3
11274,4
11275,1
11276,3
11277,6
11278,3
11279,7
11280,4
11281,5
11282,3
11283,8
11284,5
11285,5
11286,5
11287,7
11288,2
11289,2
11290,6
11291,6
11292,10
11293,6
11294,1
11295,1
11296,1
11298,5
11299,1
11300,3
11301,2
11302,4
11303,6
11304,3
11305,4
11306,3
11307,3
11309,3
11310,2
11311,3
11312,1
11313,9
11314,5
11315,4
11316,2
11317,8
11318,1
11319,5
11320,6
11321,2
11322,4
11324,3
11325,2
11326,4
11327,3
11328,5
11329,7
11330,9
11331,5
11332,4
11333,3
11334,5
11335,5
11336,2
11337,6
11338,1
11339,1
11340,1
11341,9
11342,4
11343,6
11344,2
11345,3
11346,4
11347,2
11348,2
11349,3
11350,3
11351,7
11352,3
11353,7
11354,6
11355,1
11356,7
11357,6
11358,6
11359,3
11360,4
11361,1
11362,5
11363,1
11364,2
11365,6
11366,2
11367,2
11368,5
11369,3
11370,8
11371,4
11372,8
11373,8
11374,4
11375,1
11376,2
11377,2
11378,2
11379,1
11380,5
11381,7
11382,2
11383,1
11384,1
11385,5
11386,1
11387,10
11388,6
11389,4
11390,3
11391,7
11392,3
11393,5
11394,3
11395,3
11396,2
11397,6
11398,3
11399,4
11400,2
11401,4
11402,3
11403,1
11404,7
11405,6
11406,9
11407,5
11408,8
11409,6
11410,4
11411,6
11412,11
11413,6
11414,4
11415,5
11416,7
11417,3
11418,8
11419,3
11420,4
11421,2
11422,4
11423,8
11424,6
11425,1
11426,4
11427,6
11428,4
11429,5
11430,5
11431,4
11432,3
11433,2
11434,9
11435,4
11436,5
11437,6
11439,4
11440,3
11441,1
11442,2
11443,1
11444,3
11445,5
11446,3
11447,6
11448,6
11449,3
11450,6
11451,6
11452,4
11453,6
11454,4
11455,4
11456,5
11457,4
11458,4
11459,3
11460,4
11461,2
11462,5
11463,7
11464,5
11465,2
11466,2
11467,1
11468,3
11469,3
11470,1
11471,4
11472,2
11473,2
11474,2
11475,6
11476,4
11477,3
11478,3
11479,2
11480,4
11481,8
11482,3
11483,4
11484,5
11485,3
11486,1
11487,6
11488,3
11489,5
11490,3
11491,4
11492,2
11493,3
11494,10
11495,5
11496,4
11497,5
11498,1
11499,5
11500,5
11501,2
11502,2
11504,4
11505,5
11506,3
11507,7
11508,5
11509,1
11510,3
11511,5
11512,4
11513,7
11514,3
11515,2
11516,1
11517,5
11518,8
11519,5
11520,4
11521,5
11522,7
11523,4
11524,2
11525,4
11526,2
11527,4
11528,5
11529,7
11530,7
11531,4
11532,4
11533,7
11534,3
11535,1
11536,4
11537,6
11538,1
11539,4
11540,7
11541,4
11542,4
11543,1
11544,5
11545,1
11546,4
11547,1
11548,5
11549,3
11550,4
11551,4
11552,6
11553,3
11554,3
11555,4
11556,7
11557,3
11558,4
11559,3
11560,4
11561,2
11562,4
11563,1
11564,2
11565,2
11566,2
11567,4
11568,3
11569,4
11570,2
11571,4
11572,5
11573,1
11574,5
11575,7
11576,2
11577,6
11578,3
11579,5
11580,7
11581,6
11582,4
11583,8
11584,5
11585,3
11586,5
11587,3
11588,5
11589,4
11590,6
11591,2
11592,5
11593,6
11594,5
11595,5
11596,8
11597,10
11598,3
11599,8
11600,5
11601,2
11602,4
11603,4
11604,5
11605,1
11606,6
11607,2
11608,3
11609,2
11610,4
11611,3
11612,2
11613,3
11614,8
11615,3
11616,2
11617,6
11618,6
11619,3
11620,5
11621,4
11622,4
11623,4
11624,3
11625,2
11626,6
11627,7
11628,4
11629,2
11630,2
11631,3
11632,8
11633,5
11634,5
11635,4
11636,6
11637,2
11638,3
11639,4
11640,6
11641,3
11642,3
11643,1
11644,6
11645,4
11646,3
11647,6
11648,9
11649,6
11650,1
11651,3
11652,4
11653,3
11654,3
11655,2
11656,5
11657,5
11658,4
11659,9
11660,6
11661,2
11662,1
11663,1
11664,2
11665,2
11666,4
11667,5
11668,7
11669,6
11670,4
11671,5
11672,4
11673,1
11674,6
11675,2
11676,8
11677,4
11678,6
11679,3
11680,1
11681,6
11682,5
11683,6
11684,4
11685,5
11686,3
11687,4
11688,6
11689,6
11690,2
11691,2
11692,1
11693,5
11694,3
11695,2
11696,1
11697,2
11698,6
11699,2
11700,3
11701,1
11702,3
11703,2
11705,3
11706,4
11707,5
11708,5
11709,3
11710,2
11711,1
11712,3
11713,3
11714,3
11715,3
11716,2
11717,5
11718,8
11719,3
11720,5
11721,5
11722,3
11723,5
11724,5
11725,1
11726,6
11727,2
11728,2
11729,7
11730,2
11731,1
11732,4
11733,4
11734,4
11735,6
11736,4
11737,3
11738,8
11740,2
11741,4
11742,3
11743,1
11744,1
11745,7
11746,5
11747,2
11748,1
11749,1
11750,2
11751,4
11752,2
11753,4
11754,3
11755,4
11756,2
11757,4
11758,4
11759,1
11760,3
11761,5
11762,4
11763,4
11764,5
11765,2
11766,1
11767,4
11768,5
11769,3
11770,5
11771,3
11772,3
11773,3
11774,2
11775,2
11776,4
11778,5
11779,3
11780,5
11781,6
11782,3
11783,6
11784,4
11785,4
11786,7
11787,2
11788,3
11789,5
11790,3
11791,4
11792,2
11793,6
11794,5
11795,3
11796,6
11797,3
11798,7
11799,5
11800,2
11801,4
11802,1
11803,5
11804,4
11805,5
11806,4
11807,3
11808,3
11809,2
11810,5
11811,5
11812,7
11813,4
11814,4
11815,1
11816,3
11817,4
11818,4
11819,2
11820,3
11821,1
11822,6
11823,2
11824,4
11825,2
11826,2
11827,5
11828,1
11829,6
11830,4
11831,4
11832,1
11833,4
11834,4
11835,3
11836,1
11837,4
11838,1
11839,3
11840,5
11841,4
11842,1
11843,4
11844,1
11845,5
11846,4
11847,4
11848,3
11849,3
11850,3
11851,4
11852,4
11853,5
11854,1
11855,5
11856,4
11858,4
11859,6
11860,3
11861,2
11862,4
11863,5
11864,1
11865,8
11866,6
11867,3
11868,4
11869,5
11871,1
11872,6
11873,4
11874,11
11876,1
11877,5
11878,2
11879,5
11880,2
11881,1
11882,4
11883,3
11884,2
11885,3
11886,7
11887,1
11888,3
11889,4
11890,1
11891,2
11892,2
11893,4
11894,2
11895,4
11896,4
11897,3
11898,3
11899,5
11900,1
11901,5
11902,2
11903,2
11904,5
11905,7
11906,9
11907,4
11909,3
11910,3
11911,1
11912,2
11913,4
11914,1
11915,5
11916,3
11918,4
11919,2
11920,6
11921,1
11922,2
11923,5
11924,4
11925,4
11926,4
11927,6
11928,4
11929,4
11930,1
11931,2
11932,1
11934,5
11935,1
11936,3
11937,2
11938,4
11939,3
11940,4
11941,6
11942,4
11943,4
11944,6
11945,5
11946,4
11947,6
11948,7
11949,5
11950,3
11951,3
11952,3
11953,2
11954,5
11955,3
11956,5
11957,3
11958,6
11959,1
11960,4
11961,4
11962,3
11963,2
11964,4
11965,4
11966,2
11967,3
11968,4
11969,4
11970,1
11971,5
11972,2
11973,3
11974,4
11975,2
11976,2
11977,1
11978,3
11979,3
11980,3
11981,4
11982,3
11983,2
11984,4
11985,5
11986,2
11987,3
11988,1
11989,2
11990,4
11991,1
11992,2
11993,3
11994,3
11995,2
11996,7
11997,4
11998,2
11999,4
12000,5
12001,2
12002,3
12003,2
12004,4
12005,4
12006,3
12007,4
12008,4
12009,5
12010,6
12011,5
12012,8
12013,3
12014,9
12015,4
12016,1
12017,4
12018,2
12019,4
12020,2
12021,4
12022,2
12023,2
12024,1
12025,4
12026,5
12027,2
12028,6
12029,2
12031,4
12032,4
12033,4
12034,2
12035,3
12036,4
12037,2
12038,1
12039,2
12040,3
12041,1
12042,1
12043,2
12044,6
12045,2
12046,4
12047,1
12048,6
12049,3
12050,1
12051,5
12052,5
12053,3
12054,3
12055,6
12057,3
12058,2
12059,6
12060,1
12061,8
12062,2
12063,5
12064,4
12065,2
12066,2
12067,3
12068,6
12069,2
12070,6
12071,8
12072,4
12073,3
12074,3
12075,5
12076,4
12077,4
12078,9
12079,2
12080,4
12081,4
12082,3
12083,4
12084,2
12085,4
12086,3
12087,3
12088,3
12089,1
12090,2
12091,2
12092,2
12093,3
12094,6
12095,3
12096,8
12097,2
12099,1
12100,4
12101,6
12102,2
12103,1
12104,2
12105,4
12106,3
12107,4
12108,6
12109,6
12110,2
12111,3
12112,2
12113,5
12114,3
12115,2
12116,5
12117,3
12118,2
12119,4
12120,4
12121,3
12122,4
12123,2
12124,6
12125,3
12126,2
12127,2
12128,5
12129,1
12130,2
12131,3
12133,3
12134,2
12135,1
12136,7
12137,3
12138,3
12139,3
12140,4
12141,2
12143,3
12144,2
12145,2
12146,3
12147,3
12148,3
12149,3
12150,4
12151,5
12152,4
12153,5
12155,3
12156,3
12157,3
12158,3
12159,2
12160,4
12161,6
12162,2
12163,4
12164,2
12165,3
12166,2
12167,2
12168,5
12169,4
12170,3
12171,3
12173,4
12174,1
12175,2
12176,4
12177,2
12178,3
12179,1
12180,2
12181,2
12182,5
12183,4
12184,1
12185,2
12186,2
12187,6
12188,1
12190,4
12191,2
12192,3
12193,1
12194,3
12195,3
12196,3
12197,1
12198,3
12199,5
12200,1
12201,2
12202,3
12203,3
12204,3
12205,4
12206,3
12207,3
12209,1
12210,2
12211,3
12212,5
12213,3
12214,1
12215,2
12216,7
12217,2
12218,2
12219,2
12220,3
12221,1
12222,4
12223,1
12224,1
12225,3
12226,5
12227,2
12228,3
12229,2
12230,2
12231,2
12232,5
12233,5
12234,3
12235,3
12236,4
12237,2
12238,1
12239,6
12240,5
12241,4
12242,2
12243,1
12244,5
12245,5
12246,3
12247,2
12248,3
12249,1
12250,4
12251,2
12252,2
12253,2
12254,3
12255,3
12256,5
12257,2
12258,1
12259,4
12261,12
12262,2
12263,3
12264,2
12265,8
12266,4
12267,5
12268,3
12269,2
12270,1
12271,4
12272,5
12273,6
12274,1
12275,1
12276,4
12277,2
12278,1
12279,2
12280,7
12281,1
12282,2
12283,1
12284,3
12286,5
12288,3
12289,4
12290,3
12291,2
12292,2
12293,2
12294,2
12296,1
12297,2
12298,1
12299,2
12300,4
12301,3
12303,6
12304,2
12305,4
12306,4
12307,1
12308,2
12309,6
12310,2
12311,2
12312,3
12313,8
12314,4
12315,4
12316,5
12317,7
12318,3
12320,2
12321,5
12322,3
12323,4
12324,4
12325,4
12326,1
12327,4
12328,1
12329,4
12330,3
12331,3
12332,3
12333,1
12334,3
12335,1
12336,5
12337,4
12338,6
12339,5
12340,2
12341,2
12342,3
12343,3
12344,5
12345,1
12346,3
12347,3
12349,1
12350,2
12351,4
12352,3
12353,9
12354,4
12355,3
12356,1
12357,9
12358,2
12359,3
12360,5
12361,4
12362,3
12363,1
12364,1
12365,4
12366,5
12367,4
12368,4
12369,5
12370,3
12371,3
12372,3
12373,4
12374,3
12375,3
12376,1
12377,2
12378,3
12379,5
12380,2
12381,2
12382,5
12383,2
12384,2
12385,1
12386,1
12387,2
12388,2
12389,6
12390,4
12391,1
12392,2
12393,2
12394,7
12395,7
12396,2
12397,2
12398,1
12399,3
12401,3
12402,3
12403,4
12404,1
12405,3
12406,3
12407,2
12408,2
12410,2
12411,2
12412,4
12413,1
12414,2
12415,2
12417,1
12418,4
12419,3
12420,2
12421,3
12422,5
12423,3
12424,3
12425,2
12426,4
12427,2
12429,5
12430,4
12431,3
12432,2
12434,2
12435,5
12436,7
12437,1
12438,3
12439,1
12440,2
12441,2
12442,1
12443,4
12444,5
12445,8
12446,3
12448,2
12449,2
12450,5
12452,2
12453,3
12454,3
12455,1
12456,2
12457,2
12458,2
12459,3
12460,3
12461,3
12462,1
12464,2
12465,4
12466,2
12467,2
12468,5
12469,1
12470,1
12471,4
12472,2
12473,1
12474,3
12475,6
12476,2
12477,5
12478,2
12479,1
12480,2
12481,4
12482,3
12483,3
12484,2
12485,2
12487,3
12488,3
12489,2
12490,5
12491,8
12492,1
12493,5
12494,5
12495,3
12496,2
12497,7
12498,2
12499,2
12500,2
12501,2
12502,1
12503,2
12504,1
12505,5
12506,1
12507,4
12509,3
12510,3
12511,5
12512,4
12513,2
12514,2
12515,1
12516,5
12517,2
12518,2
12519,4
12521,1
12522,3
12523,4
12524,3
12525,4
12526,2
12527,1
12529,2
12530,1
12531,3
12532,4
12533,5
12534,3
12535,3
12536,3
12537,2
12538,4
12539,2
12540,1
12541,3
12542,2
12543,1
12545,3
12546,2
12547,1
12548,5
12549,2
12550,5
12551,3
12552,5
12553,3
12555,4
12556,5
12557,1
12558,3
12559,2
12560,9
12561,2
12562,4
12563,2
12564,4
12565,2
12566,3
12567,3
12569,1
12570,4
12571,1
12572,4
12573,3
12574,2
12575,3
12576,1
12577,4
12578,2
12579,3
12580,3
12581,5
12582,2
12583,6
12584,2
12585,3
12586,2
12587,3
12588,3
12589,3
12590,2
12591,1
12592,2
12593,2
12594,1
12595,2
12596,3
12597,5
12598,1
12599,5
12600,1
12601,2
12602,3
12603,2
12604,1
12605,3
12606,2
12607,4
12608,4
12609,2
12610,4
12611,2
12612,4
12613,4
12614,1
12615,3
12616,1
12617,6
12618,2
12619,1
12620,2
12621,3
12622,6
12623,1
12624,5
12625,3
12626,6
12627,2
12628,3
12629,4
12630,2
12631,2
12632,2
12633,3
12634,4
12635,2
12636,5
12637,4
12638,2
12639,3
12640,3
12641,7
12642,1
12643,1
12644,4
12645,1
12646,5
12647,2
12649,5
12650,4
12651,1
12652,1
12653,2
12654,1
12655,3
12656,2
12658,4
12659,3
12660,3
12661,3
12662,1
12663,4
12664,4
12665,3
12666,1
12667,3
12668,2
12669,2
12670,2
12671,2
12672,2
12673,2
12674,1
12675,2
12676,4
12677,1
12678,2
12679,3
12680,4
12681,5
12683,4
12684,4
12685,1
12686,2
12687,1
12689,2
12690,4
12691,5
12692,2
12693,3
12694,4
12695,3
12696,1
12697,2
12698,3
12699,3
12700,3
12701,3
12702,1
12703,3
12704,2
12705,3
12706,2
12707,5
12708,3
12709,4
12710,2
12711,1
12712,1
12713,3
12714,5
12715,2
12716,2
12717,6
12718,4
12719,4
12720,4
12721,2
12722,2
12723,3
12724,2
12725,4
12726,4
12727,3
12728,2
12729,1
12730,2
12731,3
12732,2
12733,2
12734,1
12735,3
12736,2
12737,2
12738,2
12739,4
12740,1
12741,4
12742,2
12743,3
12744,1
12745,1
12746,3
12747,2
12748,3
12749,2
12750,8
12751,3
12752,3
12753,5
12754,3
12755,5
12756,3
12757,2
12758,3
12759,5
12760,3
12761,2
12762,4
12763,3
12764,4
12765,7
12766,4
12767,3
12768,4
12769,1
12770,4
12771,7
12774,7
12776,2
12777,3
12778,3
12779,3
12780,3
12781,3
12782,4
12783,1
12784,3
12785,5
12786,2
12787,1
12788,4
12789,4
12790,5
12791,1
12793,3
12794,4
12795,2
12796,3
12797,3
12798,5
12799,1
12800,1
12801,1
12802,2
12803,6
12804,7
12806,2
12807,3
12808,3
12810,1
12811,5
12812,1
12814,2
12815,5
12817,4
12818,2
12819,5
12820,2
12821,2
12822,3
12823,2
12824,1
12826,3
12827,2
12828,4
12829,2
12830,2
12831,2
12832,2
12833,5
12834,3
12835,3
12836,3
12837,1
12840,6
12841,1
12842,4
12843,4
12844,3
12845,7
12846,4
12847,3
12848,3
12849,5
12850,4
12851,5
12853,5
12854,6
12855,4
12856,3
12857,4
12858,3
12859,4
12860,5
12861,2
12862,2
12863,7
12864,3
12865,5
12866,2
12867,1
12868,3
12869,4
12870,2
12871,3
12873,8
12874,3
12876,4
12877,3
12878,2
12879,2
12880,4
12881,3
12882,2
12883,2
12884,3
12885,3
12886,2
12887,2
12888,5
12889,3
12890,3
12891,3
12892,1
12893,3
12894,2
12895,3
12896,3
12897,2
12899,2
12900,2
12901,3
12902,3
12903,1
12904,3
12905,1
12907,2
12908,1
12909,3
12910,4
12911,1
12912,1
12913,1
12914,2
12915,3
12916,2
12917,1
12918,4
12919,2
12920,5
12921,3
12922,4
12923,2
12924,5
12925,2
12926,4
12927,2
12928,3
12929,1
12930,4
12931,2
12933,3
12935,4
12936,4
12937,6
12938,3
12939,1
12940,6
12941,1
12942,4
12943,2
12944,8
12946,1
12947,2
12948,4
12949,5
12950,3
12951,3
12952,1
12953,4
12954,3
12955,4
12956,2
12957,2
12958,3
12959,1
12960,3
12961,3
12962,4
12963,1
12964,1
12965,3
12966,3
12967,4
12968,2
12969,3
12970,1
12971,2
12972,1
12973,1
12974,2
12975,4
12977,7
12978,2
12979,2
12980,4
12981,4
12983,2
12984,2
12985,3
12986,1
12987,4
12988,8
12989,6
12990,5
12991,7
12992,6
12993,4
12994,4
12995,1
12996,1
12997,4
12998,4
12999,3
13000,1
13001,5
13002,1
13003,2
13004,2
13005,4
13006,3
13008,3
13009,3
13010,4
13011,2
13012,1
13014,5
13015,3
13016,3
13017,3
13018,4
13019,3
13020,4
13021,1
13022,1
13023,5
13024,3
13026,1
13027,1
13028,3
13029,2
13030,2
13031,1
13032,2
13033,3
13034,3
13035,2
13036,3
13037,4
13038,3
13040,6
13041,5
13042,2
13043,6
13044,3
13045,4
13046,2
13047,4
13048,6
13049,7
13050,3
13051,1
13052,1
13053,1
13054,2
13055,2
13057,3
13058,2
13059,2
13060,2
13061,1
13062,1
13063,5
13064,1
13065,1
13066,5
13067,3
13068,2
13069,2
13070,1
13071,4
13072,4
13073,2
13074,1
13075,3
13076,3
13077,4
13078,2
13079,2
13080,3
13081,3
13082,4
13083,2
13084,2
13085,1
13086,4
13087,8
13088,4
13089,4
13090,3
13091,5
13092,6
13094,6
13095,4
13097,1
13098,4
13099,5
13100,3
13101,2
13103,4
13104,2
13106,4
13107,5
13108,3
13109,4
13110,1
13111,1
13112,2
13113,4
13114,3
13115,2
13116,2
13117,5
13118,2
13119,2
13120,2
13122,3
13123,3
13124,1
13125,2
13126,2
13127,2
13128,1
13130,1
13131,2
13132,4
13133,2
13134,6
13135,2
13136,1
13137,6
13139,2
13140,3
13141,2
13142,4
13143,2
13144,3
13145,4
13146,3
13147,4
13148,4
13149,2
13150,4
13151,1
13152,2
13153,2
13154,2
13156,3
13157,1
13158,4
13159,2
13160,2
13161,4
13162,3
13163,3
13164,6
13165,3
13166,2
13167,1
13169,2
13171,1
13172,1
13173,4
13174,1
13175,2
13176,1
13177,3
13178,2
13179,1
13180,1
13181,5
13182,3
13183,3
13184,1
13185,1
13186,3
13187,1
13188,1
13189,1
13190,3
13191,4
13192,3
13193,2
13194,3
13195,5
13196,1
13197,3
13198,2
13199,1
13200,1
13201,1
13203,1
13204,2
13205,5
13206,3
13207,3
13208,1
13209,4
13210,1
13211,1
13212,3
13213,1
13214,1
13215,5
13216,3
13217,4
13218,1
13220,2
13221,3
13222,2
13223,2
13226,1
13227,2
13228,2
13229,2
13230,3
13231,6
13232,5
13234,4
13235,2
13236,3
13237,4
13238,1
13239,1
13241,2
13243,3
13244,5
13245,1
13246,2
13248,3
13250,1
13251,1
13253,1
13254,2
13255,3
13256,1
13257,2
13258,5
13259,1
13260,2
13261,4
13262,1
13263,2
13264,1
13265,3
13266,3
13267,2
13268,1
13269,5
13270,1
13271,1
13272,3
13273,2
13274,1
13275,4
13276,1
13277,2
13278,2
13279,4
13280,1
13281,5
13283,3
13284,5
13285,6
13286,1
13287,2
13288,3
13289,1
13290,5
13291,5
13292,2
13293,3
13294,2
13295,3
13296,1
13297,1
13298,2
13299,2
13300,3
13301,1
13302,5
13303,1
13304,1
13305,5
13306,2
13308,3
13309,3
13310,2
13313,5
13314,5
13315,1
13316,2
13317,6
13319,4
13320,1
13321,1
13322,2
13323,2
13324,3
13325,1
13326,1
13327,1
13328,4
13329,1
13330,4
13331,1
13332,2
13333,1
13334,5
13335,1
13336,1
13337,2
13338,3
13339,1
13340,2
13341,4
13342,6
13343,2
13344,1
13345,3
13346,4
13347,3
13348,1
13349,2
13350,1
13352,2
13353,1
13354,4
13355,2
13356,2
13357,3
13358,1
13359,3
13360,2
13361,1
13363,2
13364,2
13365,2
13366,1
13367,5
13368,1
13369,1
13372,1
13374,4
13375,1
13376,3
13377,4
13379,2
13380,2
13381,1
13383,3
13385,3
13386,5
13387,2
13388,2
13390,3
13391,3
13392,10
13393,3
13394,3
13395,3
13396,6
13397,3
13398,1
13400,2
13402,1
13403,1
13404,3
13405,4
13406,5
13407,3
13408,3
13409,4
13410,7
13412,5
13413,2
13414,3
13415,1
13416,2
13417,4
13418,3
13419,1
13420,2
13421,6
13422,2
13423,1
13424,5
13425,2
13428,1
13429,6
13430,2
13431,1
13432,2
13433,2
13434,1
13435,2
13436,1
13437,1
13438,4
13439,4
13440,1
13441,2
13442,3
13444,1
13445,2
13446,6
13447,1
13448,5
13450,3
13451,1
13452,3
13454,6
13455,2
13456,2
13457,1
13459,1
13460,3
13461,1
13462,4
13463,1
13464,3
13465,6
13466,3
13467,2
13468,3
13469,2
13470,2
13471,4
13472,1
13473,4
13474,4
13475,3
13476,3
13477,2
13478,1
13479,1
13480,2
13482,3
13483,1
13484,1
13485,1
13486,1
13487,4
13488,2
13489,1
13490,1
13491,1
13492,4
13493,3
13494,1
13495,6
13496,1
13497,4
13498,4
13499,1
13500,1
13501,1
13502,1
13504,1
13505,3
13506,3
13507,3
13508,5
13509,3
13510,6
13511,3
13512,3
13513,2
13514,2
13515,1
13516,3
13517,1
13518,2
13519,3
13520,2
13521,3
13522,3
13523,3
13524,4
13526,2
13527,1
13528,1
13529,2
13530,2
13531,1
13532,2
13533,3
13534,2
13535,4
13536,1
13537,1
13538,1
13539,4
13540,3
13541,2
13542,3
13543,8
13544,1
13545,3
13547,4
13548,2
13549,3
13551,4
13552,3
13553,5
13554,2
13556,3
13557,1
13559,2
13560,6
13561,1
13562,2
13563,1
13564,2
13565,4
13566,3
13567,1
13568,1
13569,1
13572,1
13573,2
13574,2
13575,1
13576,3
13577,3
13578,1
13579,3
13580,3
13581,2
13583,3
13585,2
13586,5
13587,3
13588,1
13589,3
13590,1
13591,2
13592,3
13593,1
13595,1
13597,1
13598,3
13599,2
13600,1
13601,3
13602,1
13603,2
13604,4
13605,3
13606,1
13607,4
13608,4
13609,1
13610,1
13611,1
13613,1
13614,1
13615,1
13616,2
13617,6
13619,2
13620,2
13621,3
13622,1
13623,1
13624,1
13625,2
13626,2
13627,2
13628,3
13629,4
13630,2
13632,3
13633,1
13634,2
13635,5
13636,1
13637,1
13638,1
13639,3
13640,3
13641,1
13642,1
13643,4
13644,2
13645,1
13647,2
13648,1
13649,6
13650,3
13651,2
13652,1
13653,3
13654,3
13655,2
13656,1
13657,1
13658,3
13659,3
13660,1
13661,1
13662,2
13663,1
13664,1
13665,2
13666,2
13667,2
13668,1
13669,3
13672,2
13673,1
13674,2
13675,2
13676,2
13677,2
13678,1
13679,4
13680,3
13683,1
13684,4
13686,4
13687,4
13689,5
13690,6
13691,1
13692,7
13693,3
13694,1
13695,2
13696,2
13697,2
13698,3
13699,4
13701,1
13702,4
13703,5
13704,1
13705,1
13706,3
13707,2
13708,4
13709,3
13710,3
13711,1
13712,2
13713,3
13714,1
13715,3
13716,3
13717,2
13718,3
13719,2
13720,2
13722,2
13724,2
13725,1
13726,6
13727,2
13728,5
13729,7
13730,3
13731,2
13732,2
13733,2
13734,2
13735,1
13736,2
13737,3
13739,4
13740,3
13741,2
13742,2
13743,3
13745,3
13746,4
13747,2
13748,2
13749,2
13750,4
13751,8
13752,3
13753,3
13754,4
13755,2
13756,4
13757,2
13758,1
13759,1
13760,1
13761,2
13762,3
13763,3
13764,2
13765,3
13766,1
13767,1
13768,1
13769,2
13771,5
13772,2
13773,1
13774,2
13776,1
13777,3
13779,3
13780,1
13781,3
13782,1
13783,2
13784,2
13786,1
13787,1
13788,3
13789,1
13790,2
13791,3
13792,3
13793,1
13794,3
13795,5
13796,1
13797,1
13799,1
13800,3
13801,1
13802,1
13804,4
13805,2
13806,1
13807,1
13809,2
13810,3
13811,1
13812,5
13813,4
13814,2
13816,1
13817,1
13818,1
13819,2
13820,3
13821,4
13823,3
13824,1
13825,2
13826,1
13827,3
13828,2
13829,3
13831,5
13832,4
13833,3
13835,4
13836,1
13837,1
13838,2
13839,1
13840,2
13841,4
13842,2
13843,4
13844,5
13845,2
13846,2
13847,1
13848,3
13849,2
13850,4
13851,3
13852,1
13853,1
13854,2
13855,1
13856,3
13857,3
13858,1
13859,4
13860,2
13861,1
13862,5
13863,1
13864,2
13865,6
13867,3
13868,1
13869,2
13870,3
13871,5
13872,4
13873,3
13874,4
13875,1
13877,3
13878,2
13879,1
13880,4
13881,1
13882,4
13883,2
13884,4
13885,3
13886,2
13887,1
13888,3
13889,1
13890,1
13891,3
13892,4
13893,3
13894,3
13895,3
13896,3
13897,1
13898,1
13900,2
13901,2
13902,1
13903,4
13904,1
13906,1
13907,5
13908,3
13909,3
13910,3
13911,1
13912,2
13914,2
13915,3
13916,3
13917,1
13918,1
13919,1
13920,1
13921,1
13922,1
13923,2
13924,3
13925,2
13926,1
13928,1
13929,5
13930,2
13931,2
13932,4
13933,4
13934,2
13936,3
13938,3
13939,2
13940,1
13941,2
13942,1
13943,2
13944,1
13945,2
13946,1
13947,2
13948,2
13949,1
13950,1
13952,1
13953,1
13954,2
13955,1
13956,2
13957,1
13958,2
13959,3
13960,1
13961,1
13962,3
13963,2
13965,3
13966,1
13967,1
13968,4
13969,3
13970,5
13971,3
13972,3
13973,3
13974,2
13975,1
13976,1
13977,1
13978,1
13979,3
13980,5
13981,3
13982,3
13983,3
13984,3
13985,5
13986,3
13987,2
13988,1
13989,3
13991,3
13992,2
13993,1
13994,1
13996,5
13998,5
13999,1
14000,3
14001,2
14002,2
14003,3
14004,1
14005,1
14006,1
14007,1
14008,2
14009,2
14010,4
14011,1
14012,2
14013,2
14015,1
14016,2
14018,2
14019,2
14021,5
14022,1
14023,2
14024,1
14025,2
14026,5
14027,3
14028,3
14029,4
14030,1
14032,3
14033,2
14034,2
14035,1
14036,1
14037,3
14038,2
14039,3
14040,2
14041,2
14042,1
14043,4
14044,4
14045,1
14047,2
14048,2
14049,2
14051,4
14052,2
14053,3
14054,1
14055,1
14057,3
14058,3
14059,1
14060,3
14062,2
14063,1
14064,1
14065,4
14067,2
14068,1
14069,3
14070,1
14071,1
14072,1
14073,1
14074,2
14075,2
14076,3
14077,4
14078,3
14080,6
14083,3
14084,2
14085,1
14086,1
14087,3
14088,2
14089,1
14090,4
14092,2
14093,2
14094,2
14095,2
14096,1
14097,1
14098,4
14099,2
14101,3
14102,3
14104,2
14105,3
14106,3
14107,3
14108,4
14109,5
14111,3
14112,1
14114,3
14115,3
14116,1
14117,2
14118,1
14119,2
14120,1
14121,1
14122,3
14123,1
14124,4
14125,6
14126,1
14127,1
14128,1
14129,2
14130,1
14131,3
14132,2
14134,1
14135,4
14136,1
14137,3
14140,2
14142,1
14143,6
14144,3
14145,2
14147,1
14148,2
14149,3
14150,2
14151,3
14152,1
14153,1
14155,3
14156,1
14157,2
14158,2
14161,1
14162,1
14163,1
14164,1
14165,2
14166,2
14167,1
14168,1
14169,3
14170,2
14171,3
14172,1
14173,1
14174,3
14175,3
14176,3
14177,1
14178,2
14179,3
14181,2
14182,1
14183,2
14184,2
14185,1
14186,1
14187,1
14188,3
14189,2
14190,2
14191,3
14192,4
14193,3
14194,3
14195,2
14196,3
14197,1
14198,2
14200,2
14201,1
14202,2
14203,1
14204,1
14208,4
14209,4
14210,2
14211,2
14212,6
14213,1
14214,3
14215,3
14217,1
14218,3
14221,1
14222,1
14223,3
14224,3
14225,4
14226,1
14227,1
14228,1
14229,1
14231,1
14232,1
14233,2
14234,3
14235,5
14236,4
14237,4
14238,1
14239,1
14240,1
14241,1
14242,2
14245,4
14246,3
14248,4
14249,2
14250,2
14251,3
14252,2
14253,2
14255,1
14256,1
14257,4
14258,1
14259,1
14260,2
14261,3
14263,3
14264,2
14265,1
14266,2
14267,2
14268,2
14269,1
14270,2
14271,1
14272,3
14273,2
14274,1
14275,1
14276,2
14277,3
14280,3
14281,3
14283,2
14285,2
14286,1
14287,3
14288,3
14289,1
14290,3
14291,3
14292,1
14293,1
14295,2
14297,1
14298,1
14299,2
14300,1
14301,1
14302,3
14304,1
14305,2
14306,1
14308,2
14309,3
14310,6
14311,1
14312,1
14313,1
14314,4
14315,2
14316,3
14317,1
14319,3
14320,3
14321,3
14322,1
14323,1
14324,1
14325,2
14326,1
14327,1
14330,2
14331,2
14332,1
14334,1
14335,3
14336,1
14337,2
14338,1
14339,1
14340,1
14341,1
14342,1
14343,2
14344,1
14345,2
14346,1
14347,1
14348,3
14349,3
14351,3
14352,1
14353,1
14355,2
14356,2
14357,2
14358,3
14359,2
14360,7
14361,3
14362,1
14363,1
14365,2
14366,1
14368,1
14370,3
14371,2
14373,2
14375,1
14376,1
14378,4
14379,2
14380,2
14381,2
14383,3
14384,1
14385,1
14386,2
14387,3
14388,4
14389,1
14390,2
14391,2
14392,2
14393,1
14395,1
14396,3
14397,3
14398,4
14400,3
14401,1
14402,1
14404,1
14405,1
14406,1
14408,5
14409,2
14410,2
14411,1
14412,2
14413,1
14414,3
14415,3
14416,1
14417,1
14418,1
14419,1
14420,2
14421,2
14423,1
14424,1
14425,3
14426,1
14427,1
14428,5
14429,2
14430,2
14432,3
14433,1
14434,2
14435,3
14436,2
14437,4
14438,1
14439,2
14440,3
14441,2
14442,4
14443,1
14444,2
14445,3
14446,4
14447,1
14448,2
14449,2
14450,1
14451,2
14452,1
14453,1
14454,1
14455,4
14456,4
14457,2
14458,3
14459,1
14461,2
14463,4
14464,1
14465,1
14466,2
14467,3
14469,1
14470,2
14471,2
14472,1
14473,3
14474,2
14475,2
14476,1
14477,2
14478,5
14479,3
14481,4
14484,4
14485,2
14486,1
14487,1
14488,3
14491,1
14492,1
14493,4
14494,1
14495,1
14496,2
14497,2
14498,4
14499,4
14500,2
14501,3
14502,2
14503,2
14504,1
14505,2
14506,1
14507,1
14508,1
14509,2
14510,2
14511,1
14512,2
14513,2
14514,3
14515,2
14516,2
14517,3
14519,1
14520,1
14522,1
14523,2
14524,1
14525,1
14528,1
14530,1
14531,3
14532,2
14533,4
14536,1
14537,2
14539,2
14540,2
14541,3
14543,2
14544,2
14545,2
14546,1
14547,3
14548,1
14549,2
14550,2
14551,2
14552,1
14553,5
14554,3
14556,1
14557,1
14560,2
14561,3
14562,1
14563,1
14564,3
14565,3
14566,1
14569,1
14570,1
14571,3
14572,3
14573,2
14574,1
14575,2
14576,3
14577,3
14578,1
14579,3
14580,2
14581,2
14583,2
14584,2
14585,2
14587,1
14589,1
14591,3
14592,2
14593,1
14594,1
14595,2
14597,4
14598,2
14601,3
14602,5
14605,1
14606,2
14607,5
14608,2
14609,2
14610,3
14611,3
14612,2
14613,2
14614,4
14615,2
14616,1
14617,3
14618,2
14619,1
14620,1
14621,3
14622,2
14623,1
14624,1
14625,2
14626,1
14627,3
14628,2
14629,1
14630,2
14631,1
14634,2
14635,2
14637,4
14638,3
14639,2
14640,1
14641,2
14643,3
14644,1
14645,2
14646,1
14647,2
14648,2
14649,2
14650,2
14653,1
14655,2
14656,2
14659,1
14660,1
14661,1
14663,4
14664,4
14666,3
14668,1
14669,2
14670,2
14671,1
14673,1
14674,4
14675,2
14676,2
14677,2
14679,2
14680,2
14681,3
14682,2
14683,1
14686,2
14687,3
14688,3
14689,1
14690,2
14691,1
14692,1
14693,1
14694,1
14695,1
14696,3
14697,5
14698,3
14699,4
14700,2
14702,3
14704,1
14705,2
14706,1
14707,2
14708,3
14710,2
14711,1
14712,2
14713,1
14714,1
14715,2
14716,2
14718,1
14720,1
14721,2
14723,3
14724,4
14726,5
14727,1
14728,2
14729,1
14731,1
14732,4
14733,2
14735,2
14736,1
14737,2
14738,2
14739,2
14740,2
14741,4
14742,2
14743,1
14744,3
14745,3
14746,2
14747,3
14749,1
14750,1
14752,1
14754,5
14755,1
14756,2
14757,1
14758,1
14760,2
14761,1
14762,1
14763,2
14766,2
14768,3
14769,1
14770,4
14771,1
14773,3
14774,3
14775,3
14776,3
14777,3
14778,2
14779,1
14780,1
14781,2
14783,1
14784,1
14785,2
14787,2
14788,2
14789,2
14790,1
14791,4
14792,2
14793,3
14796,1
14797,2
14799,1
14800,2
14801,1
14802,3
14803,1
14804,3
14805,2
14806,2
14808,1
14809,2
14811,4
14812,2
14814,1
14815,2
14816,1
14817,3
14820,2
14821,1
14822,1
14825,3
14828,1
14830,2
14831,1
14834,1
14835,2
14837,1
14844,1
14845,1
14846,1
14847,2
14848,2
14849,1
14850,1
14851,1
14852,1
14853,3
14854,1
14855,3
14856,3
14857,2
14858,1
14859,1
14860,1
14861,1
14862,3
14863,2
14864,1
14865,1
14866,2
14867,6
14868,1
14869,1
14870,2
14872,2
14873,4
14874,4
14875,2
14876,1
14877,1
14878,3
14879,3
14880,2
14882,4
14883,3
14884,1
14885,3
14886,2
14888,4
14889,2
14890,3
14892,2
14894,2
14895,3
14896,1
14901,2
14902,2
14903,3
14904,2
14905,2
14906,1
14907,1
14909,1
14910,3
14911,4
14912,3
14913,1
14914,2
14915,1
14916,1
14917,3
14918,1
14919,1
14921,4
14922,2
14923,1
14924,3
14925,2
14926,1
14928,4
14929,4
14931,3
14932,2
14933,2
14934,1
14935,3
14936,2
14937,1
14939,4
14940,2
14941,1
14942,5
14944,2
14946,3
14947,2
14948,1
14949,3
14950,1
14953,4
14954,2
14955,3
14957,2
14959,2
14960,1
14961,2
14962,5
14963,1
14964,3
14968,1
14969,2
14970,2
14971,1
14972,2
14973,1
14974,2
14975,7
14976,1
14978,1
14979,1
14980,1
14981,2
14984,4
14985,2
14986,4
14987,3
14988,1
14989,1
14992,2
14993,1
14994,4
14995,1
14996,2
14997,4
14998,2
14999,2
15000,4
15001,1
15002,1
15003,4
15005,3
15006,2
15008,1
15010,4
15012,3
15015,2
15016,2
15017,1
15018,1
15019,1
15020,1
15021,2
15022,1
15023,1
15024,1
15025,3
15027,1
15028,3
15029,2
15030,1
15031,3
15032,1
15036,2
15037,2
15039,1
15040,1
15041,2
15042,2
15043,1
15045,1
15046,3
15047,1
15048,1
15049,3
15051,2
15052,1
15053,2
15054,3
15055,1
15056,1
15057,1
15058,1
15059,1
15060,1
15061,3
15062,1
15064,1
15066,1
15067,2
15068,3
15069,1
15070,1
15071,1
15072,2
15074,1
15075,3
15076,2
15077,1
15078,3
15079,3
15080,2
15081,2
15082,1
15083,1
15084,2
15086,2
15087,4
15089,3
15090,2
15091,1
15092,1
15093,1
15094,2
15095,1
15096,1
15097,2
15099,7
15100,2
15101,1
15102,1
15104,5
15105,1
15108,2
15109,1
15110,1
15111,3
15112,3
15113,1
15114,1
15115,1
15116,2
15117,5
15118,2
15119,1
15120,1
15121,1
15124,3
15125,3
15126,2
15127,1
15130,2
15131,4
15132,2
15133,1
15134,2
15135,2
15136,2
15137,2
15139,4
15140,2
15142,1
15143,3
15144,3
15145,1
15146,2
15147,2
15148,1
15149,3
15150,4
15151,3
15152,1
15153,1
15154,1
15155,2
15156,1
15157,1
15158,2
15159,2
15160,3
15161,1
15162,2
15163,2
15164,1
15165,2
15166,1
15167,3
15168,1
15169,3
15170,1
15171,3
15172,2
15175,3
15176,2
15177,2
15178,2
15179,2
15180,1
15181,1
15182,2
15183,5
15185,4
15187,3
15188,3
15189,1
15190,2
15191,2
15192,1
15194,1
15195,1
15197,1
15198,1
15199,2
15200,2
15201,1
15202,1
15203,1
15205,1
15206,1
15210,1
15211,1
15212,1
15213,1
15214,1
15216,1
15217,3
15218,1
15220,2
15221,4
15225,1
15226,1
15227,4
15228,1
15229,1
15230,2
15231,2
15232,1
15233,2
15234,2
15235,1
15236,1
15238,3
15239,2
15240,2
15241,2
15243,3
15244,1
15246,2
15247,1
15248,2
15249,2
15250,5
15251,1
15253,1
15254,1
15255,1
15256,1
15258,1
15259,1
15260,1
15263,2
15265,2
15266,1
15267,1
15268,2
15270,5
15272,2
15274,4
15275,4
15276,1
15278,1
15279,2
15281,1
15282,2
15284,2
15285,6
15287,1
15288,1
15289,1
15290,2
15291,3
15293,4
15294,1
15295,3
15296,2
15297,1
15298,2
15299,1
15300,2
15301,1
15303,1
15304,3
15306,2
15307,3
15308,4
15310,1
15311,1
15312,1
15314,1
15315,1
15316,1
15317,3
15318,1
15319,2
15320,2
15321,1
15323,2
15324,2
15325,1
15326,1
15327,3
15329,1
15330,1
15333,4
15334,2
15335,2
15336,3
15337,2
15339,3
15340,1
15343,1
15344,2
15346,2
15347,2
15348,3
15349,1
15350,4
15351,4
15352,3
15353,2
15356,2
15357,1
15358,2
15359,3
15360,3
15362,3
15364,1
15365,1
15366,4
15367,1
15368,2
15369,2
15372,2
15373,1
15374,2
15376,1
15378,1
15380,1
15382,1
15384,2
15385,1
15386,4
15387,2
15388,4
15389,3
15390,1
15392,1
15393,1
15394,1
15395,1
15396,1
15398,2
15400,3
15401,2
15403,1
15405,2
15406,1
15408,2
15409,1
15410,1
15411,1
15412,1
15414,2
15415,1
15416,2
15417,3
15418,3
15419,2
15420,1
15421,1
15422,2
15423,3
15424,2
15425,3
15426,2
15427,1
15428,1
15429,1
15431,1
15432,2
15433,2
15435,1
15436,3
15438,1
15439,2
15440,3
15441,1
15443,1
15444,3
15445,4
15446,2
15447,1
15448,1
15450,2
15451,1
15453,1
15454,1
15455,2
15456,1
15458,1
15459,2
15460,5
15461,1
15463,2
15464,2
15467,4
15469,2
15470,2
15471,2
15472,3
15473,2
15474,1
15475,3
15476,2
15478,2
15480,2
15481,1
15482,4
15483,4
15484,1
15487,1
15488,1
15489,2
15491,2
15494,1
15495,1
15497,1
15498,1
15499,1
15500,1
15501,1
15502,1
15503,2
15504,3
15505,3
15506,1
15507,1
15508,1
15511,1
15512,2
15513,3
15514,1
15515,2
15516,2
15517,1
15518,2
15519,1
15520,1
15521,1
15523,1
15524,1
15525,1
15526,1
15527,2
15528,2
15529,2
15530,2
15531,2
15532,1
15533,2
15534,1
15535,2
15536,2
15538,1
15539,1
15541,1
15542,1
15543,2
15545,2
15547,1
15548,1
15549,2
15552,1
15553,2
15554,1
15555,1
15557,1
15559,1
15560,1
15561,1
15563,2
15564,1
15565,3
15566,1
15567,2
15568,1
15569,2
15570,1
15571,1
15572,3
15573,1
15574,3
15575,3
15576,1
15577,1
15578,4
15579,2
15581,1
15582,1
15583,2
15584,1
15585,5
15586,3
15587,1
15588,3
15591,2
15592,1
15593,1
15594,2
15595,1
15596,2
15597,1
15598,1
15599,3
15601,3
15602,1
15603,1
15604,1
15606,1
15609,2
15610,3
15611,2
15612,3
15613,1
15614,1
15615,2
15616,2
15617,2
15619,2
15620,2
15621,1
15622,1
15623,3
15624,2
15625,2
15626,1
15627,3
15629,5
15630,2
15632,1
15638,1
15640,2
15641,1
15643,1
15646,2
15648,1
15649,2
15650,3
15651,3
15652,3
15653,4
15655,1
15657,1
15658,2
15659,1
15660,4
15661,2
15662,1
15663,2
15665,1
15666,4
15667,1
15669,2
15670,2
15671,2
15672,1
15674,1
15677,3
15678,1
15679,3
15680,1
15681,2
15683,3
15684,4
15686,1
15687,1
15688,2
15689,1
15690,4
15691,2
15693,1
15697,2
15698,1
15699,1
15700,1
15702,1
15704,2
15705,3
15706,1
15707,1
15708,1
15709,1
15710,4
15711,1
15712,1
15713,3
15714,1
15715,1
15716,3
15717,1
15719,1
15720,1
15721,1
15722,2
15723,1
15725,2
15726,1
15727,1
15728,1
15729,2
15730,2
15732,2
15733,1
15735,3
15736,1
15737,1
15738,3
15739,3
15740,1
15743,1
15744,1
15745,1
15746,3
15748,1
15749,3
15750,1
15751,2
15755,1
15758,1
15759,1
15760,2
15761,3
15762,2
15764,1
15765,2
15766,1
15768,3
15769,2
15770,1
15771,3
15774,2
15775,1
15776,1
15777,2
15778,2
15779,1
15780,2
15781,1
15782,1
15784,1
15785,1
15786,2
15787,1
15788,1
15789,1
15792,2
15794,1
15799,1
15803,1
15804,1
15805,2
15806,1
15807,1
15809,1
15811,1
15812,2
15813,1
15814,2
15815,1
15818,2
15819,1
15820,2
15821,2
15823,2
15824,1
15825,2
15826,2
15828,2
15829,2
15830,2
15831,3
15832,1
15833,1
15834,3
15835,2
15837,1
15838,1
15839,1
15840,1
15841,2
15842,2
15844,2
15846,1
15848,1
15850,2
15851,1
15852,2
15853,1
15855,1
15857,3
15858,1
15860,1
15861,1
15862,1
15865,2
15866,4
15867,2
15868,4
15870,1
15871,2
15874,2
15875,3
15877,2
15878,2
15880,2
15881,1
15882,3
15883,3
15884,2
15885,1
15886,2
15887,1
15888,1
15889,3
15891,3
15892,2
15895,1
15896,3
15898,1
15899,1
15900,2
15902,1
15903,1
15904,1
15905,2
15906,1
15908,1
15909,2
15910,1
15911,2
15912,3
15913,2
15917,1
15918,3
15919,2
15920,2
15921,1
15924,2
15925,2
15926,1
15928,1
15930,2
15931,1
15932,1
15933,2
15934,2
15936,1
15937,1
15938,1
15942,1
15944,1
15945,1
15946,1
15948,2
15949,2
15950,3
15952,1
15953,1
15954,2
15955,2
15956,1
15958,1
15959,3
15960,1
15961,6
15962,2
15963,1
15966,2
15968,1
15969,2
15970,1
15971,2
15972,1
15973,1
15976,1
15978,1
15979,1
15982,2
15983,1
15985,2
15986,1
15989,1
15992,1
15994,3
15995,2
15996,1
15997,2
15998,1
15999,2
16000,1
16001,2
16002,1
16003,2
16006,2
16007,3
16009,3
16010,1
16011,2
16012,1
16013,1
16014,3
16020,3
16021,2
16023,1
16024,1
16025,4
16027,2
16028,1
16029,1
16032,1
16034,1
16035,1
16036,3
16037,1
16039,1
16042,1
16043,2
16045,1
16046,2
16048,3
16049,1
16050,1
16054,2
16055,3
16056,1
16057,2
16059,1
16062,2
16064,1
16066,1
16068,1
16070,1
16071,2
16072,2
16075,1
16078,1
16080,1
16082,1
16083,3
16085,1
16087,3
16088,1
16089,1
16090,3
16091,2
16092,1
16093,2
16094,1
16097,1
16098,1
16099,1
16101,3
16105,2
16107,3
16110,1
16112,1
16114,1
16115,1
16116,3
16117,3
16118,1
16119,3
16120,2
16123,1
16125,2
16126,2
16127,3
16131,3
16133,1
16137,4
16138,1
16139,1
16140,1
16147,1
16149,1
16152,2
16153,1
16154,2
16155,2
16157,1
16159,1
16160,3
16161,1
16163,2
16164,2
16165,1
16166,1
16167,1
16169,1
16170,3
16171,1
16172,1
16173,1
16174,2
16175,2
16177,1
16178,2
16179,1
16180,2
16181,1
16182,2
16183,2
16185,1
16186,3
16187,2
16188,1
16189,3
16190,1
16191,1
16193,2
16195,1
16196,1
16198,3
16200,1
16201,3
16202,1
16203,1
16204,3
16205,1
16206,1
16208,2
16209,1
16210,1
16211,5
16213,1
16214,3
16215,1
16216,1
16217,1
16219,1
16220,1
16221,1
16222,1
16223,2
16224,2
16225,1
16226,1
16227,2
16228,3
16229,4
16231,1
16232,4
16234,1
16235,1
16236,3
16237,1
16238,3
16239,1
16240,1
16242,1
16243,1
16244,2
16245,1
16246,2
16247,1
16248,1
16250,1
16253,1
16254,1
16256,1
16257,2
16258,2
16259,2
16260,1
16261,1
16263,1
16264,2
16266,4
16268,2
16269,2
16270,1
16271,1
16272,1
16273,1
16276,2
16280,4
16281,1
16282,1
16284,1
16285,1
16286,2
16287,2
16288,3
16291,1
16294,1
16297,2
16301,1
16302,1
16303,2
16305,3
16306,1
16307,1
16308,1
16309,1
16310,3
16315,3
16316,1
16318,1
16319,1
16320,3
16322,1
16323,1
16324,2
16325,2
16326,2
16327,1
16328,3
16329,4
16331,2
16333,1
16334,3
16335,1
16336,3
16337,1
16338,2
16341,1
16345,1
16346,1
16348,1
16351,1
16352,2
16354,1
16355,1
16356,1
16357,1
16359,1
16360,2
16361,1
16362,2
16363,3
16364,2
16365,1
16367,2
16368,1
16369,2
16370,1
16372,2
16374,1
16375,3
16376,2
16377,1
16379,1
16381,1
16382,1
16383,3
16384,1
16385,2
16386,2
16387,1
16388,1
16391,1
16393,1
16396,1
16397,1
16398,1
16400,2
16402,2
16404,3
16405,1
16409,2
16410,2
16411,1
16412,3
16413,1
16415,1
16416,2
16418,1
16419,1
16420,2
16422,2
16424,1
16425,1
16426,1
16429,1
16430,2
16433,2
16435,1
16436,1
16437,1
16439,1
16440,2
16441,2
16442,1
16444,2
16445,2
16447,1
16448,1
16450,2
16451,1
16452,1
16453,1
16454,3
16455,2
16456,1
16457,1
16459,1
16460,3
16463,2
16466,4
16467,2
16470,2
16471,4
16472,2
16473,2
16474,1
16475,1
16476,1
16477,1
16482,1
16483,2
16485,1
16486,1
16487,3
16488,1
16490,2
16491,1
16492,1
16493,1
16494,2
16496,1
16497,1
16499,2
16500,1
16502,1
16504,2
16505,1
16506,1
16509,1
16510,2
16513,2
16514,4
16515,1
16519,1
16521,1
16523,2
16524,1
16525,1
16526,1
16527,2
16528,3
16529,1
16530,2
16531,2
16533,2
16536,3
16537,1
16538,2
16539,2
16540,2
16542,2
16544,1
16546,3
16547,2
16549,1
16553,1
16554,3
16556,3
16557,1
16559,2
16560,2
16562,1
16564,1
16566,1
16567,1
16568,1
16569,1
16570,1
16571,1
16573,2
16574,1
16578,1
16580,2
16581,1
16583,1
16585,2
16586,2
16588,1
16589,2
16592,2
16598,2
16600,2
16601,2
16602,2
16603,1
16604,2
16605,2
16606,2
16607,1
16608,1
16610,4
16613,2
16614,1
16617,1
16618,1
16620,2
16621,1
16622,1
16623,2
16624,1
16625,3
16626,1
16627,3
16630,3
16637,1
16639,4
16640,4
16641,1
16643,1
16645,1
16646,1
16647,1
16650,2
16653,3
16654,4
16655,1
16656,1
16657,2
16658,1
16661,1
16662,2
16663,1
16664,1
16665,1
16666,2
16667,2
16668,1
16669,2
16670,3
16674,1
16676,2
16677,2
16679,1
16680,1
16681,1
16682,1
16683,1
16684,2
16685,2
16686,3
16687,1
16688,2
16689,2
16690,1
16691,2
16692,2
16693,2
16695,1
16696,2
16702,1
16703,2
16705,1
16706,1
16707,1
16708,1
16709,2
16711,1
16713,1
16714,1
16716,1
16717,1
16718,1
16719,1
16720,1
16722,2
16724,1
16726,1
16729,1
16734,1
16737,1
16738,3
16739,3
16744,1
16745,2
16746,1
16747,1
16748,3
16750,2
16753,2
16754,1
16755,2
16756,2
16757,1
16759,1
16762,1
16763,3
16764,4
16766,1
16767,1
16768,1
16769,3
16772,2
16774,4
16776,2
16778,1
16779,1
16780,1
16782,1
16783,1
16784,4
16785,1
16786,1
16787,4
16789,1
16790,1
16791,1
16793,1
16794,4
16796,2
16797,1
16798,2
16799,1
16800,2
16801,1
16803,1
16804,1
16805,2
16807,1
16808,1
16809,1
16810,2
16813,1
16816,1
16817,2
16818,2
16820,1
16821,2
16822,1
16825,2
16826,3
16827,1
16831,2
16832,1
16833,1
16835,1
16837,2
16838,2
16839,1
16840,3
16841,2
16842,1
16843,1
16845,3
16846,3
16847,1
16848,1
16849,1
16851,1
16855,1
16857,3
16858,2
16860,3
16861,1
16863,1
16864,1
16865,1
16866,2
16871,2
16874,3
16875,3
16876,2
16879,2
16880,1
16882,3
16884,1
16888,1
16889,1
16890,1
16891,3
16894,2
16899,2
16900,1
16901,1
16902,2
16905,1
16906,2
16907,1
16908,1
16910,2
16912,3
16913,1
16916,2
16917,3
16918,2
16920,3
16923,2
16924,1
16925,4
16926,1
16927,4
16929,2
16931,1
16932,1
16933,2
16936,1
16937,2
16939,1
16940,1
16943,1
16945,2
16947,2
16948,2
16950,1
16951,2
16954,1
16955,2
16956,2
16957,1
16958,2
16959,2
16960,1
16961,1
16962,1
16964,2
16966,2
16967,1
16968,1
16970,1
16971,1
16972,1
16973,1
16974,1
16976,1
16977,3
16979,1
16980,1
16983,2
16986,1
16987,1
16989,1
16990,3
16995,1
16996,3
16998,1
17000,2
17001,1
17003,3
17005,2
17006,1
17007,3
17008,2
17009,2
17012,1
17013,1
17016,4
17017,2
17019,1
17020,1
17021,1
17022,1
17023,3
17025,1
17028,1
17029,1
17035,2
17036,2
17038,1
17039,1
17040,1
17041,1
17044,2
17046,1
17048,2
17049,2
17050,3
17051,1
17052,2
17053,1
17055,3
17057,2
17058,4
17060,3
17062,1
17064,2
17066,2
17067,1
17068,1
17069,2
17071,1
17073,1
17074,2
17075,1
17076,1
17077,1
17079,1
17080,1
17084,1
17085,2
17086,1
17087,2
17089,1
17090,2
17091,1
17092,3
17095,2
17096,1
17097,1
17098,2
17101,1
17102,1
17103,1
17106,1
17108,5
17109,1
17110,2
17111,3
17112,1
17113,2
17114,2
17115,1
17118,1
17119,1
17124,2
17126,1
17127,2
17128,1
17129,2
17133,2
17135,1
17137,1
17138,1
17140,2
17142,2
17144,2
17145,1
17147,2
17150,1
17151,1
17158,3
17159,1
17161,2
17162,1
17163,1
17164,1
17165,2
17166,1
17167,1
17169,1
17171,1
17172,2
17174,2
17175,1
17176,1
17177,3
17178,1
17180,2
17182,1
17185,1
17187,1
17188,1
17193,1
17194,1
17196,2
17199,1
17201,2
17203,1
17205,1
17207,1
17208,1
17211,1
17212,1
17213,2
17216,4
17218,2
17220,1
17221,1
17222,1
17224,2
17225,1
17226,2
17231,2
17234,2
17236,1
17237,1
17238,2
17239,1
17240,1
17242,1
17243,1
17245,1
17246,2
17248,1
17249,2
17250,2
17251,1
17252,1
17255,2
17257,1
17258,1
17259,2
17261,1
17262,1
17263,2
17264,1
17265,1
17266,3
17268,1
17270,3
17273,1
17274,2
17277,1
17279,1
17281,1
17282,2
17284,1
17286,2
17288,1
17289,1
17290,1
17291,1
17293,1
17295,1
17296,1
17297,1
17299,1
17300,2
17301,1
17305,1
17306,1
17307,3
17308,4
17309,1
17310,1
17311,1
17314,1
17315,3
17317,3
17318,1
17319,4
17321,1
17323,1
17324,1
17325,1
17327,2
17329,1
17330,1
17331,1
17332,1
17333,2
17334,2
17335,2
17336,1
17337,1
17338,1
17339,2
17340,1
17341,2
17344,1
17345,1
17347,1
17348,1
17350,1
17351,2
17352,1
17353,2
17354,2
17355,1
17356,1
17357,1
17358,1
17360,1
17361,2
17364,2
17365,1
17367,1
17372,2
17376,1
17377,1
17381,2
17384,2
17388,2
17391,2
17392,1
17394,1
17397,2
17398,1
17399,2
17401,1
17403,2
17404,1
17405,2
17406,1
17407,1
17414,2
17415,1
17416,1
17417,1
17418,1
17419,1
17420,2
17421,2
17422,1
17424,1
17425,2
17427,1
17428,1
17429,2
17430,1
17432,1
17433,1
17434,1
17435,1
17436,2
17437,1
17438,3
17445,3
17446,2
17448,2
17450,3
17451,1
17453,1
17454,1
17456,1
17459,1
17460,1
17463,1
17468,1
17469,1
17470,1
17472,2
17473,3
17474,3
17475,1
17477,1
17478,2
17479,1
17482,2
17483,1
17484,1
17489,2
17490,1
17491,3
17492,1
17493,1
17494,2
17496,2
17497,1
17500,1
17502,1
17503,3
17506,2
17507,1
17508,2
17509,3
17510,1
17511,1
17513,1
17514,1
17515,1
17516,1
17517,1
17519,1
17520,1
17521,2
17522,3
17524,2
17525,2
17526,1
17528,1
17529,1
17531,1
17532,1
17533,1
17534,3
17536,2
17537,1
17538,1
17539,1
17540,3
17541,2
17547,2
17549,1
17550,1
17552,1
17556,1
17557,1
17558,2
17561,1
17562,1
17563,2
17564,2
17565,2
17566,2
17570,1
17571,1
17573,1
17579,2
17581,1
17583,1
17584,2
17585,2
17586,2
17587,2
17588,1
17589,1
17591,2
17592,1
17593,1
17594,1
17597,1
17599,4
17600,1
17605,3
17606,1
17607,3
17609,1
17610,2
17611,1
17612,1
17614,1
17615,2
17620,2
17623,1
17624,1
17625,1
17626,2
17628,2
17631,2
17632,1
17634,1
17636,1
17637,1
17638,2
17640,1
17641,2
17642,4
17643,1
17647,1
17648,1
17649,1
17650,1
17654,2
17655,1
17658,1
17661,1
17663,1
17664,1
17668,1
17669,1
17670,1
17671,1
17672,2
17674,1
17675,1
17677,3
17678,2
17680,2
17681,1
17683,2
17684,1
17685,1
17686,3
17687,1
17688,1
17689,2
17690,1
17692,2
17693,1
17696,1
17697,1
17698,2
17700,2
17702,2
17703,1
17710,1
17711,1
17714,1
17716,1
17719,1
17721,2
17722,1
17723,2
17728,1
17729,1
17730,1
17731,1
17732,1
17733,1
17737,1
17738,1
17739,2
17741,1
17743,2
17746,1
17747,1
17748,1
17751,1
17752,2
17753,1
17754,2
17755,1
17757,1
17758,2
17759,1
17760,1
17761,3
17763,1
17764,1
17765,1
17766,1
17767,2
17769,3
17774,3
17776,2
17778,2
17779,1
17780,1
17781,1
17782,1
17783,1
17784,1
17786,1
17787,1
17788,1
17790,1
17794,3
17795,2
17796,1
17797,1
17799,3
17802,1
17803,2
17804,1
17805,1
17806,1
17807,1
17808,1
17811,1
17813,1
17814,1
17815,2
17816,1
17817,1
17818,1
17819,1
17820,2
17821,1
17826,1
17829,3
17835,1
17836,1
17837,2
17838,1
17840,4
17842,1
17843,1
17848,1
17849,1
17850,3
17851,1
17852,1
17856,1
17857,1
17858,1
17859,1
17860,1
17861,1
17862,1
17863,1
17864,1
17867,2
17869,1
17875,2
17878,1
17880,1
17883,1
17885,3
17886,1
17887,1
17890,1
17891,2
17896,1
17898,2
17899,1
17900,1
17902,1
17906,1
17907,2
17908,1
17909,1
17911,1
17912,1
17913,1
17914,1
17916,3
17917,3
17919,1
17921,3
17924,1
17925,2
17926,2
17927,1
17928,1
17931,2
17933,1
17935,1
17937,3
17938,1
17939,1
17940,1
17943,1
17944,1
17946,1
17947,1
17948,1
17950,2
17951,1
17952,3
17953,2
17956,1
17958,1
17959,1
17962,1
17967,1
17969,2
17970,1
17971,2
17973,2
17974,1
17975,1
17976,2
17977,3
17982,2
17986,1
17988,1
17989,3
17990,3
17992,2
17993,2
17994,1
17995,1
17996,1
17997,2
17998,1
18001,3
18004,1
18005,2
18006,2
18007,1
18008,3
18009,2
18015,1
18019,1
18021,2
18022,2
18023,1
18025,1
18027,2
18033,2
18034,3
18036,1
18039,1
18041,1
18042,1
18043,2
18044,1
18046,2
18050,1
18056,1
18057,1
18060,1
18063,2
18066,1
18067,1
18069,1
18071,1
18072,1
18074,1
18076,1
18080,2
18083,3
18087,2
18090,1
18091,2
18094,1
18096,1
18098,1
18099,1
18102,1
18104,1
18105,1
18109,2
18111,1
18112,1
18113,2
18114,1
18116,2
18118,2
18120,1
18121,1
18126,1
18128,1
18129,2
18131,1
18135,2
18137,1
18140,1
18141,1
18146,1
18150,1
18151,1
18152,1
18153,2
18156,1
18157,1
18164,1
18165,1
18166,1
18167,1
18169,1
18170,1
18174,1
18175,1
18178,1
18179,1
18180,3
18183,1
18184,2
18185,1
18187,2
18188,2
18191,3
18192,1
18193,2
18194,2
18195,1
18197,2
18198,2
18199,1
18200,1
18201,1
18202,1
18206,4
18207,2
18208,1
18210,1
18212,1
18215,1
18216,1
18220,1
18226,1
18227,1
18230,1
18234,1
18236,1
18237,2
18238,1
18239,1
18240,3
18241,1
18243,2
18244,1
18247,1
18250,1
18251,1
18253,2
18254,3
18256,1
18257,1
18258,1
18259,1
18261,1
18263,3
18264,1
18265,1
18266,1
18267,2
18269,3
18270,1
18271,1
18275,1
18276,1
18284,1
18285,2
18289,1
18291,2
18292,1
18293,2
18294,2
18296,2
18301,1
18303,1
18307,1
18309,1
18312,2
18313,1
18314,1
18315,1
18316,1
18317,2
18320,1
18321,1
18322,2
18323,1
18325,1
18326,1
18327,3
18332,1
18333,2
18338,2
18339,1
18340,2
18343,1
18345,2
18346,1
18347,1
18351,1
18352,1
18354,2
18357,1
18358,2
18359,1
18360,2
18365,1
18366,1
18367,1
18374,2
18375,1
18376,1
18381,1
18388,1
18390,1
18391,1
18392,1
18395,1
18396,1
18397,2
18402,1
18404,1
18405,1
18406,1
18407,1
18410,1
18413,2
18414,1
18416,1
18419,2
18420,1
18421,1
18422,1
18425,2
18427,1
18429,1
18430,1
18431,2
18434,1
18435,3
18436,1
18438,3
18444,1
18445,2
18446,2
18447,1
18448,3
18449,1
18450,2
18454,2
18456,2
18458,1
18460,1
18463,2
18466,2
18469,3
18470,1
18473,1
18475,2
18476,3
18488,1
18489,2
18490,1
18491,2
18492,1
18494,3
18495,1
18498,1
18501,1
18502,1
18506,2
18508,1
18509,1
18511,2
18514,1
18515,1
18519,1
18520,1
18526,1
18527,2
18530,1
18535,1
18538,1
18539,2
18544,1
18546,3
18547,1
18548,2
18549,2
18550,1
18552,1
18554,1
18557,1
18559,2
18560,1
18561,1
18563,1
18564,2
18566,1
18568,1
18570,1
18571,2
18572,1
18574,1
18575,2
18576,1
18579,1
18580,1
18584,1
18586,2
18590,1
18591,1
18593,2
18596,1
18597,1
18600,1
18602,1
18604,1
18606,1
18611,1
18614,3
18615,1
18619,2
18622,3
18623,1
18624,2
18625,2
18629,1
18630,3
18631,1
18633,1
18634,1
18638,1
18642,1
18643,2
18647,1
18648,2
18649,1
18651,1
18653,3
18654,1
18655,1
18656,1
18661,3
18665,1
18667,1
18672,2
18676,1
18677,1
18679,1
18681,2
18685,1
18688,2
18691,2
18694,1
18698,1
18700,2
18701,1
18702,2
18705,1
18709,2
18710,1
18711,1
18713,1
18719,1
18720,1
18721,1
18724,1
18727,1
18730,1
18731,2
18734,1
18738,1
18741,1
18742,2
18744,1
18749,1
18752,1
18753,1
18756,3
18764,1
18767,1
18772,1
18774,1
18781,1
18782,1
18784,1
18790,1
18791,1
18792,2
18794,2
18795,1
18799,2
18801,1
18804,1
18805,1
18807,1
18809,2
18812,1
18819,1
18821,3
18822,1
18823,1
18825,1
18830,1
18831,1
18832,1
18835,1
18836,1
18837,1
18840,3
18844,2
18852,1
18856,1
18857,2
18858,1
18860,1
18861,2
18862,1
18864,1
18865,1
18866,2
18867,1
18868,1
18871,3
18873,1
18875,1
18878,1
18880,1
18883,1
18885,1
18888,1
18890,1
18897,2
18898,1
18900,2
18904,2
18910,1
18912,1
18913,1
18917,1
18920,1
18921,1
18922,3
18923,1
18924,1
18926,1
18932,1
18933,2
18934,1
18936,1
18937,2
18938,1
18943,1
18944,1
18946,1
18947,1
18950,1
18952,1
18953,1
18954,1
18955,1
18956,1
18957,1
18958,1
18962,1
18964,1
18966,1
18967,1
18969,1
18974,1
18976,1
18978,1
18980,1
18982,2
18986,1
18987,1
18988,1
18990,1
18991,1
18992,1
18993,1
19001,1
19003,1
19004,1
19005,1
19010,1
19013,1
19015,2
19019,2
19023,1
19025,2
19027,1
19028,2
19032,2
19033,2
19037,1
19038,2
19039,1
19043,1
19044,1
19046,1
19050,2
19051,2
19055,1
19056,1
19057,1
19058,1
19059,1
19060,1
19061,1
19064,1
19066,1
19067,2
19068,1
19069,1
19070,1
19073,2
19075,1
19076,2
19078,1
19079,1
19080,1
19083,2
19088,2
19090,1
19093,1
19096,1
19097,1
19099,1
19100,1
19101,1
19103,2
19104,2
19109,1
19112,1
19115,2
19117,1
19118,1
19119,2
19121,1
19124,1
19126,1
19127,1
19129,2
19130,2
19131,2
19135,1
19136,2
19138,2
19145,1
19152,1
19154,1
19159,1
19161,1
19162,1
19166,1
19171,1
19174,1
19176,1
19178,1
19179,1
19181,1
19184,1
19191,1
19192,1
19193,1
19194,1
19195,1
19197,2
19198,1
19200,2
19201,1
19202,1
19203,2
19205,3
19206,1
19207,1
19208,2
19209,1
19210,1
19211,1
19213,1
19217,1
19219,1
19220,1
19223,2
19228,2
19231,1
19233,1
19236,1
19239,1
19240,1
19241,1
19242,1
19244,1
19247,1
19248,2
19249,1
19250,1
19251,3
19253,1
19255,1
19261,2
19267,1
19268,1
19270,1
19271,1
19273,1
19275,1
19276,1
19278,2
19279,1
19281,3
19282,2
19284,2
19287,1
19291,1
19294,1
19302,2
19308,2
19310,2
19312,1
19314,1
19317,3
19321,1
19322,1
19325,1
19330,1
19331,1
19333,1
19339,2
19347,1
19353,1
19354,1
19356,2
19357,1
19359,1
19360,1
19361,1
19364,2
19367,1
19368,1
19369,2
19375,1
19377,1
19380,1
19383,1
19384,1
19386,2
19387,1
19389,2
19390,1
19392,1
19394,1
19397,2
19402,1
19408,1
19409,1
19410,1
19412,1
19413,1
19414,1
19415,1
19417,1
19419,1
19421,3
19423,1
19426,1
19427,2
19428,1
19432,1
19433,1
19436,1
19437,1
19439,1
19441,1
19443,1
19446,1
19448,1
19451,2
19453,1
19454,1
19455,1
19456,1
19460,1
19461,1
19462,2
19467,1
19468,1
19470,2
19471,2
19472,2
19473,2
19475,1
19477,1
19479,1
19484,1
19488,3
19489,2
19497,1
19498,1
19504,1
19513,1
19518,2
19521,1
19525,1
19526,1
19534,2
19536,1
19537,1
19538,2
19541,1
19544,1
19546,1
19547,2
19548,1
19550,2
19552,1
19557,1
19559,2
19562,1
19563,1
19564,1
19566,1
19568,1
19570,1
19571,2
19573,1
19574,2
19577,2
19582,1
19583,1
19585,1
19589,1
19592,1
19595,1
19596,1
19598,1
19602,1
19604,1
19606,1
19607,1
19608,1
19609,1
19611,1
19613,1
19614,1
19615,1
19619,1
19620,1
19621,3
19623,2
19626,1
19627,1
19628,1
19629,1
19630,1
19632,1
19633,1
19634,1
19635,1
19637,1
19638,1
19639,1
19640,2
19644,2
19647,1
19650,1
19651,2
19652,1
19653,1
19656,1
19658,1
19660,1
19661,1
19664,2
19665,1
19667,1
19668,1
19672,2
19677,1
19678,1
19679,1
19680,1
19682,1
19683,1
19684,1
19686,1
19687,2
19693,1
19694,2
19695,2
19698,1
19699,1
19706,1
19707,1
19713,1
19716,1
19717,1
19719,1
19722,2
19724,1
19726,2
19727,1
19733,1
19735,1
19737,1
19741,1
19743,3
19746,1
19749,1
19752,1
19755,1
19756,1
19757,3
19758,2
19759,1
19760,2
19764,1
19766,1
19767,1
19771,2
19775,2
19776,1
19779,1
19780,1
19783,2
19784,2
19785,4
19787,2
19790,1
19792,1
19793,1
19794,1
19797,4
19798,1
19801,1
19803,1
19805,1
19806,1
19807,2
19808,1
19814,1
19815,1
19818,1
19820,1
19823,1
19824,1
19825,1
19826,1
19827,1
19831,1
19834,3
19835,2
19838,2
19841,1
19842,2
19847,1
19848,2
19852,1
19854,1
19857,2
19858,1
19859,3
19865,1
19866,1
19868,1
19870,2
19874,1
19875,3
19876,3
19880,1
19884,2
19885,1
19888,1
19889,1
19896,2
19904,1
19907,2
19912,1
19914,1
19915,3
19917,2
19918,1
19919,2
19921,1
19923,2
19925,1
19928,1
19932,1
19933,1
19934,1
19939,1
19944,1
19946,2
19950,1
19956,1
19959,1
19961,1
19963,1
19965,1
19968,1
19969,2
19970,1
19976,1
19977,1
19978,3
19983,2
19989,1
19990,1
19994,1
19998,1
19999,1
20009,1
20015,1
20016,1
20019,1
20023,3
20024,3
20025,1
20026,2
20028,1
20030,1
20031,1
20033,1
20036,1
20037,3
20040,2
20043,1
20046,1
20047,1
20052,3
20053,1
20058,1
20060,1
20061,2
20062,1
20064,1
20067,1
20069,2
20070,1
20074,1
20076,1
20077,3
20078,1
20081,1
20082,2
20089,1
20091,1
20092,1
20093,2
20103,1
20104,1
20105,1
20107,1
20114,2
20115,1
20118,2
20123,1
20124,1
20125,1
20127,1
20130,2
20131,1
20132,1
20135,1
20138,1
20140,1
20150,1
20152,1
20153,1
20154,1
20156,3
20157,1
20158,1
20161,1
20163,2
20166,1
20168,2
20171,1
20177,2
20178,2
20179,1
20180,2
20181,1
20187,1
20193,1
20194,1
20196,1
20197,2
20199,1
20200,1
20207,1
20208,1
20209,2
20212,1
20213,3
20221,1
20226,1
20229,1
20231,3
20233,1
20234,1
20242,1
20244,1
20246,1
20247,2
20249,1
20251,2
20252,1
20260,1
20261,1
20264,1
20265,1
20267,1
20268,2
20269,1
20270,3
20271,1
20276,1
20277,1
20280,3
20281,1
20282,2
20288,1
20289,1
20291,2
20292,1
20295,1
20296,1
20297,1
20299,2
20303,1
20307,1
20310,1
20313,1
20321,2
20326,1
20328,1
20332,1
20337,1
20338,1
20340,1
20347,1
20351,1
20352,3
20353,1
20356,1
20358,1
20360,1
20361,1
20362,1
20364,3
20365,1
20367,1
20368,1
20369,1
20371,1
20379,2
20381,1
20388,1
20392,1
20394,1
20397,1
20403,1
20405,1
20406,1
20408,1
20409,1
20411,1
20413,1
20416,2
20417,1
20422,1
20423,1
20429,2
20432,1
20435,1
20437,1
20438,1
20439,1
20441,1
20444,1
20446,1
20449,1
20450,1
20453,1
20454,1
20455,1
20457,1
20459,1
20480,1
20485,1
20490,1
20491,2
20497,1
20503,1
20505,1
20508,1
20509,1
20513,1
20522,2
20525,1
20526,2
20529,1
20531,1
20536,2
20538,1
20540,1
20541,1
20542,1
20543,1
20544,1
20552,1
20554,1
20555,1
20556,2
20559,1
20563,2
20568,1
20569,1
20571,1
20576,1
20580,1
20583,1
20587,1
20588,1
20589,1
20590,1
20594,2
20596,1
20598,1
20603,3
20608,1
20609,1
20610,1
20611,1
20612,1
20619,2
20620,2
20621,1
20624,1
20632,2
20635,1
20636,3
20640,1
20641,1
20643,1
20650,1
20659,1
20662,2
20667,1
20669,1
20670,1
20672,1
20674,1
20676,1
20680,1
20681,1
20684,1
20685,3
20690,2
20693,1
20694,1
20695,1
20696,1
20698,1
20699,3
20701,1
20702,2
20705,1
20707,1
20709,1
20711,1
20714,1
20715,1
20721,1
20725,2
20726,2
20729,1
20732,1
20742,2
20744,2
20746,1
20754,1
20756,1
20758,1
20762,1
20767,1
20770,1
20772,2
20775,1
20779,1
20780,2
20783,1
20785,1
20787,1
20789,1
20790,1
20792,2
20796,1
20799,1
20801,1
20802,2
20809,1
20812,1
20817,2
20822,2
20824,1
20827,1
20828,2
20829,1
20842,1
20844,1
20845,1
20846,1
20849,1
20854,1
20855,1
20861,2
20863,1
20865,1
20866,1
20867,1
20869,1
20871,1
20879,1
20882,1
20883,2
20884,1
20886,1
20887,1
20892,1
20898,1
20899,2
20900,1
20906,1
20908,3
20909,1
20914,1
20916,1
20922,2
20926,1
20933,1
20935,1
20937,1
20941,1
20942,1
20946,1
20947,1
20950,2
20959,1
20961,1
20963,1
20964,1
20969,1
20970,1
20971,1
20973,1
20975,3
20978,1
20980,1
20981,1
20984,1
20986,1
21005,2
21006,1
21010,2
21011,1
21014,1
21016,3
21019,2
21021,3
21027,1
21028,1
21030,2
21034,1
21035,1
21036,2
21045,2
21046,1
21052,1
21055,1
21063,1
21064,2
21065,1
21066,1
21067,1
21069,1
21070,2
21072,1
21074,1
21076,1
21082,2
21084,1
21085,1
21086,1
21090,1
21091,1
21101,1
21103,1
21108,2
21114,1
21116,1
21118,2
21119,2
21120,2
21121,1
21125,1
21126,1
21131,1
21133,1
21141,2
21143,1
21146,1
21148,1
21153,1
21154,1
21158,1
21159,1
21163,2
21166,1
21168,1
21175,1
21180,1
21181,1
21183,1
21184,2
21187,1
21188,1
21190,1
21195,1
21202,2
21204,1
21207,1
21208,1
21221,1
21223,1
21224,1
21227,1
21236,1
21239,1
21243,1
21244,1
21246,1
21249,1
21251,1
21252,1
21253,1
21255,1
21257,1
21259,1
21264,1
21266,1
21267,1
21273,2
21277,1
21281,2
21288,2
21291,1
21292,2
21298,1
21302,1
21306,1
21308,1
21311,2
21312,2
21318,1
21319,1
21322,1
21323,1
21324,1
21325,2
21326,1
21327,2
21348,2
21349,1
21351,1
21357,2
21366,1
21368,1
21373,1
21374,1
21375,2
21376,1
21377,2
21378,1
21382,1
21385,1
21388,1
21389,1
21391,2
21395,1
21399,1
21400,1
21405,1
21407,1
21418,2
21419,1
21421,1
21422,1
21423,1
21424,1
21425,1
21429,1
21434,1
21437,1
21441,1
21443,1
21445,1
21447,1
21448,1
21453,2
21456,1
21457,1
21458,1
21463,1
21464,1
21466,1
21468,1
21480,1
21482,1
21486,2
21488,1
21491,1
21494,2
21495,1
21499,1
21502,2
21507,1
21511,1
21512,1
21515,1
21517,2
21518,1
21524,1
21526,2
21527,1
21531,1
21533,1
21535,1
21539,1
21540,1
21546,2
21548,1
21551,1
21552,1
21553,1
21554,1
21563,1
21564,1
21565,1
21567,1
21568,1
21569,2
21574,2
21577,2
21582,2
21584,1
21590,1
21591,3
21596,1
21599,1
21601,1
21615,1
21617,1
21621,1
21624,1
21626,1
21630,2
21631,1
21633,1
21636,1
21644,1
21654,1
21655,2
21659,1
21665,1
21668,2
21672,1
21673,1
21675,1
21676,1
21678,2
21680,1
21682,1
21685,1
21687,1
21691,1
21692,1
21696,1
21703,2
21706,1
21710,2
21714,1
21717,1
21719,1
21720,1
21721,1
21727,1
21732,1
21734,1
21735,1
21738,1
21744,1
21751,2
21755,1
21756,1
21760,2
21764,1
21766,1
21771,1
21775,1
21776,1
21778,1
21782,1
21787,2
21790,1
21792,1
21795,1
21800,1
21801,1
21803,2
21805,2
21809,1
21815,1
21821,1
21822,1
21829,1
21838,1
21841,1
21843,1
21844,1
21845,1
21846,2
21847,1
21850,2
21854,3
21860,1
21864,1
21868,1
21873,1
21875,2
21877,2
21881,1
21886,2
21888,1
21891,1
21894,2
21908,1
21909,1
21917,1
21919,1
21921,2
21924,1
21925,1
21926,1
21927,1
21928,1
21931,1
21941,1
21943,1
21950,1
21951,1
21961,1
21966,1
21969,1
21973,1
21974,1
21975,1
21982,2
21984,1
21988,1
21994,1
21999,1
22001,1
22002,1
22004,1
22005,1
22007,1
22008,1
22012,1
22013,1
22015,1
22017,1
22021,2
22030,2
22036,1
22038,2
22040,1
22042,1
22044,2
22048,1
22061,1
22064,1
22075,1
22076,1
22077,1
22086,2
22089,1
22092,1
22094,1
22096,1
22099,3
22105,1
22110,1
22112,1
22120,1
22123,1
22132,1
22135,1
22136,1
22139,1
22152,1
22160,1
22164,1
22165,1
22169,2
22172,2
22178,1
22180,2
22181,1
22182,1
22188,1
22190,1
22202,1
22204,1
22208,1
22212,1
22214,1
22218,1
22220,1
22222,1
22223,1
22226,1
22229,2
22237,1
22245,2
22247,1
22248,1
22252,1
22253,1
22255,2
22257,1
22259,1
22263,1
22266,1
22272,1
22279,2
22280,1
22281,2
22285,1
22286,1
22298,1
22301,1
22302,1
22305,1
22306,1
22319,1
22320,2
22321,2
22332,1
22338,2
22339,1
22340,1
22341,1
22342,1
22343,1
22349,1
22350,2
22351,1
22355,1
22357,1
22358,2
22363,1
22371,3
22374,1
22383,1
22386,1
22388,1
22394,1
22401,2
22402,1
22411,1
22414,1
22416,1
22417,1
22423,1
22434,2
22436,1
22440,1
22442,1
22444,1
22445,1
22453,1
22459,1
22469,1
22471,1
22474,2
22475,1
22479,1
22485,2
22491,1
22494,1
22495,1
22496,1
22498,2
22510,2
22513,1
22514,3
22518,1
22531,1
22540,2
22551,1
22552,1
22553,1
22557,1
22570,1
22571,1
22576,1
22582,1
22586,1
22590,1
22591,1
22593,1
22594,1
22597,1
22602,3
22604,1
22606,1
22620,1
22623,1
22633,1
22634,1
22635,2
22637,1
22643,1
22646,1
22651,1
22656,1
22660,1
22663,1
22665,1
22672,1
22675,1
22680,1
22683,1
22684,1
22700,1
22703,2
22706,1
22711,1
22715,1
22716,1
22723,1
22729,2
22731,1
22741,1
22746,1
22748,1
22750,1
22753,1
22759,1
22762,1
22767,1
22771,1
22782,1
22786,1
22791,1
22793,1
22794,1
22797,2
22799,1
22804,4
22808,2
22815,1
22819,1
22825,1
22827,1
22830,1
22839,1
22841,1
22845,1
22848,1
22850,1
22851,2
22855,1
22866,1
22868,1
22869,1
22871,1
22872,2
22874,1
22876,1
22878,1
22879,1
22887,1
22897,1
22902,1
22904,1
22906,1
22907,1
22910,1
22916,1
22920,1
22921,1
22922,1
22923,1
22927,1
22931,1
22941,1
22956,1
22961,1
22964,1
22969,1
22976,2
22977,1
22981,2
22983,1
22986,2
22987,1
22990,2
22991,1
22995,1
22999,1
23007,1
23008,1
23009,1
23022,1
23028,1
23029,1
23030,1
23049,1
23056,1
23057,1
23061,1
23063,2
23068,1
23075,1
23079,1
23083,1
23088,1
23104,1
23113,1
23122,1
23123,1
23125,1
23134,3
23136,1
23138,1
23144,1
23146,1
23149,1
23153,2
23156,1
23159,1
23166,1
23170,1
23174,1
23180,1
23183,1
23184,2
23193,1
23203,2
23208,1
23210,1
23214,1
23215,2
23220,1
23233,1
23239,1
23248,1
23250,1
23251,1
23254,1
23256,1
23267,1
23274,1
23275,1
23276,1
23277,1
23281,1
23284,1
23288,1
23296,1
23310,1
23322,1
23327,1
23330,1
23331,1
23332,1
23334,1
23336,1
23340,1
23347,1
23355,1
23357,1
23358,1
23359,1
23362,1
23363,2
23364,1
23367,1
23370,1
23371,1
23375,1
23376,1
23383,1
23387,1
23395,1
23400,1
23401,1
23404,2
23421,1
23428,2
23430,1
23432,1
23436,1
23437,1
23439,1
23440,1
23445,1
23448,2
23449,1
23450,1
23455,1
23459,1
23467,1
23472,1
23476,2
23481,1
23486,1
23489,2
23494,1
23495,1
23496,2
23500,1
23508,1
23523,1
23528,1
23530,2
23539,1
23547,1
23551,1
23561,1
23565,1
23566,1
23568,1
23569,1
23574,1
23576,1
23588,1
23589,1
23592,1
23594,1
23604,1
23609,1
23610,1
23612,1
23620,1
23626,1
23627,1
23628,1
23635,1
23638,2
23641,1
23642,1
23654,1
23656,1
23658,2
23672,2
23673,1
23676,1
23677,1
23680,1
23683,1
23691,1
23697,1
23699,1
23704,1
23709,1
23714,1
23715,1
23725,1
23730,1
23750,1
23752,1
23756,1
23760,1
23766,2
23768,1
23781,1
23784,2
23785,2
23786,1
23788,2
23790,1
23804,1
23811,1
23824,1
23830,1
23832,1
23849,1
23852,1
23866,1
23867,1
23870,1
23877,1
23880,1
23884,1
23886,1
23888,1
23890,1
23895,1
23896,1
23899,1
23906,1
23909,1
23911,1
23913,1
23918,1
23922,2
23947,1
23953,1
23957,1
23958,1
23961,1
23966,1
23979,1
23984,1
23987,1
23992,1
24000,2
24002,1
24003,1
24007,2
24008,2
24011,1
24031,1
24034,1
24036,1
24039,1
24045,1
24047,1
24050,1
24051,1
24052,1
24055,1
24059,1
24069,1
24071,1
24082,1
24087,1
24089,1
24090,1
24091,1
24093,2
24096,2
24111,1
24114,1
24115,1
24117,1
24125,1
24128,1
24134,1
24144,1
24148,1
24152,2
24156,1
24164,1
24168,1
24176,1
24179,1
24184,1
24188,1
24189,1
24199,1
24200,1
24207,1
24215,1
24218,1
24222,2
24230,1
24243,2
24250,1
24257,1
24271,1
24272,1
24274,1
24281,1
24284,1
24291,1
24292,1
24298,1
24301,1
24320,1
24326,1
24327,1
24329,1
24333,1
24336,1
24343,1
24348,1
24354,2
24358,1
24366,1
24370,1
24379,1
24380,1
24383,1
24388,1
24394,1
24397,1
24403,1
24405,1
24407,1
24419,3
24426,1
24430,1
24444,1
24445,1
24448,1
24455,1
24466,1
24480,1
24488,1
24489,1
24490,1
24496,2
24498,1
24500,1
24503,1
24509,1
24513,1
24527,1
24533,1
24534,1
24535,1
24543,1
24546,1
24547,1
24556,1
24558,1
24565,1
24570,1
24572,2
24576,1
24578,1
24580,1
24583,1
24584,1
24585,1
24599,1
24601,1
24604,1
24605,1
24608,1
24617,1
24622,1
24630,1
24633,1
24635,1
24638,1
24646,1
24648,1
24650,1
24651,1
24656,1
24661,1
24668,1
24670,2
24671,1
24672,1
24683,1
24684,1
24693,1
24710,1
24711,1
24719,1
24722,1
24723,1
24725,1
24727,1
24733,1
24742,1
24763,2
24764,1
24781,1
24785,1
24794,1
24811,1
24820,1
24821,3
24827,1
24830,1
24831,2
24833,1
24838,1
24846,1
24847,1
24848,1
24849,1
24858,1
24860,1
24864,2
24866,1
24867,1
24905,1
24930,1
24934,1
24938,1
24939,1
24940,1
24947,1
24952,1
24954,1
24955,1
24963,1
24966,1
24971,1
24972,1
24982,1
24984,1
24986,1
24997,1
25003,1
25012,3
25024,1
25035,1
25040,1
25050,1
25052,1
25061,1
25103,1
25120,1
25122,1
25126,1
25132,1
25140,1
25141,1
25143,1
25149,1
25152,1
25154,1
25155,1
25164,1
25171,1
25177,1
25180,1
25183,1
25188,1
25192,1
25193,2
25197,1
25199,1
25201,1
25206,1
25209,1
25215,1
25225,1
25226,1
25228,1
25233,1
25237,1
25239,1
25241,1
25245,1
25249,1
25253,1
25269,1
25277,2
25281,1
25297,1
25298,1
25299,1
25305,1
25307,1
25308,1
25320,1
25321,1
25337,1
25338,1
25344,1
25346,1
25365,1
25369,1
25371,1
25376,1
25378,1
25381,1
25382,1
25389,1
25397,1
25404,1
25406,1
25415,1
25438,2
25443,1
25445,1
25446,1
25462,1
25466,1
25470,1
25473,1
25480,2
25482,1
25490,1
25496,1
25498,1
25512,1
25520,1
25524,1
25526,1
25530,1
25533,2
25540,1
25548,1
25557,1
25559,1
25564,1
25586,1
25590,1
25598,1
25599,1
25602,1
25612,1
25619,2
25629,1
25638,1
25642,1
25643,2
25644,1
25654,1
25669,1
25671,1
25672,1
25676,1
25677,2
25680,1
25682,1
25690,1
25703,1
25705,1
25714,2
25722,1
25730,1
25738,1
25741,1
25747,1
25753,1
25768,2
25778,1
25796,1
25800,1
25808,1
25820,1
25822,1
25825,1
25826,1
25837,1
25840,1
25843,1
25845,1
25860,1
25863,1
25878,2
25880,1
25895,1
25896,1
25901,1
25909,1
25910,2
25917,1
25918,1
25928,1
25930,1
25934,1
25937,1
25944,1
25950,3
25953,1
25954,1
25958,1
25967,1
25968,1
25970,1
25972,1
25974,1
25986,1
25994,1
25997,1
26011,1
26013,1
26023,1
26025,1
26027,1
26033,1
26036,1
26037,1
26043,1
26066,1
26085,1
26086,1
26088,1
26089,1
26091,1
26095,2
26109,1
26116,1
26127,1
26130,1
26136,2
26145,1
26154,1
26155,1
26156,1
26165,1
26177,1
26180,1
26186,1
26190,1
26197,1
26212,1
26222,1
26235,1
26236,1
26248,1
26255,2
26256,1
26259,1
26270,1
26271,1
26290,1
26301,1
26308,2
26313,1
26325,1
26330,1
26336,1
26337,1
26358,1
26359,1
26367,1
26368,1
26372,2
26374,1
26376,1
26379,1
26405,1
26419,1
26421,1
26423,1
26424,2
26436,1
26441,1
26449,1
26459,1
26476,1
26488,1
26490,1
26491,1
26492,1
26494,1
26502,1
26504,1
26509,1
26518,1
26530,1
26533,1
26542,1
26555,1
26562,1
26573,1
26603,2
26620,1
26621,1
26631,1
26637,1
26638,1
26645,1
26648,1
26652,1
26660,1
26667,1
26683,1
26716,1
26717,1
26731,1
26747,1
26773,1
26783,1
26791,1
26794,1
26795,1
26796,1
26799,2
26801,1
26805,1
26807,1
26818,1
26826,1
26828,1
26832,1
26836,1
26843,1
26862,1
26872,1
26882,1
26887,1
26898,1
26901,1
26903,1
26914,1
26944,1
26946,1
26947,1
26956,2
26963,1
26966,1
26972,1
26974,1
26980,1
26982,1
26988,1
26989,1
26993,1
26994,1
26997,1
27002,1
27008,1
27015,1
27017,1
27021,2
27024,1
27026,1
27048,2
27065,1
27066,1
27068,1
27074,1
27083,1
27098,1
27107,1
27109,1
27126,1
27130,1
27145,1
27152,1
27165,1
27166,1
27167,1
27168,1
27174,1
27175,2
27198,1
27205,1
27216,1
27223,1
27227,1
27230,2
27235,1
27237,1
27241,1
27246,1
27263,1
27276,1
27286,1
27291,1
27292,1
27293,1
27299,1
27302,1
27308,1
27324,1
27331,1
27347,1
27350,1
27356,1
27361,1
27362,1
27375,1
27383,1
27386,1
27396,1
27400,1
27402,1
27404,1
27411,1
27426,1
27438,1
27457,1
27458,1
27460,1
27461,1
27467,1
27468,1
27470,1
27473,1
27480,1
27510,1
27511,1
27526,1
27533,1
27537,1
27541,1
27574,1
27585,1
27587,1
27593,1
27633,1
27636,1
27643,2
27644,1
27656,1
27663,1
27664,1
27666,1
27674,1
27683,2
27685,1
27693,1
27701,2
27723,1
27734,1
27735,1
27737,1
27753,1
27755,1
27787,1
27789,1
27794,1
27796,1
27802,1
27830,1
27842,1
27851,1
27854,2
27855,1
27874,2
27900,1
27906,1
27916,1
27919,1
27922,1
27926,1
27927,1
27928,1
27940,1
27952,1
27965,1
27978,1
27982,1
27983,1
28012,1
28019,1
28023,1
28028,1
28031,2
28032,1
28035,1
28041,1
28060,1
28070,1
28076,1
28081,1
28091,1
28097,1
28109,1
28153,1
28166,1
28167,1
28168,1
28172,1
28181,1
28189,1
28192,2
28202,1
28210,1
28223,1
28229,1
28235,1
28248,1
28268,1
28288,1
28305,2
28307,1
28317,1
28321,1
28330,1
28333,1
28335,1
28342,1
28366,1
28369,1
28373,1
28378,1
28391,1
28398,1
28407,1
28408,1
28419,2
28427,1
28445,1
28453,1
28454,1
28456,2
28460,1
28461,1
28464,1
28468,1
28482,1
28483,1
28489,1
28490,1
28498,1
28529,1
28551,1
28552,1
28558,2
28565,1
28575,1
28576,1
28577,1
28579,1
28588,1
28619,1
28627,1
28630,1
28631,2
28637,1
28648,1
28669,1
28682,2
28717,1
28718,1
28734,1
28758,1
28761,1
28763,1
28789,1
28792,2
28805,1
28811,1
28817,1
28838,1
28841,1
28843,1
28853,1
28867,1
28881,2
28882,1
28888,1
28890,1
28897,1
28918,1
28925,2
28926,1
28932,1
28950,1
28964,1
28976,1
28996,1
29006,1
29029,1
29031,1
29043,1
29046,1
29056,1
29061,1
29063,1
29067,1
29068,1
29071,1
29081,1
29087,1
29108,1
29129,1
29139,1
29140,2
29147,1
29148,2
29159,1
29179,1
29186,1
29187,1
29190,1
29203,1
29205,1
29208,1
29211,1
29216,1
29225,1
29232,1
29240,1
29241,1
29250,1
29277,1
29284,1
29299,1
29308,1
29311,1
29322,1
29342,1
29356,1
29363,1
29376,1
29388,1
29395,1
29402,2
29407,1
29408,2
29420,1
29423,1
29424,1
29429,1
29449,1
29462,1
29465,1
29474,1
29475,2
29476,1
29507,1
29515,1
29516,1
29520,1
29529,1
29533,1
29568,1
29574,1
29591,1
29599,1
29611,1
29618,2
29627,1
29645,1
29648,1
29654,1
29657,1
29660,1
29661,1
29667,1
29681,1
29697,1
29724,1
29732,1
29733,2
29742,1
29745,1
29757,1
29762,1
29784,1
29790,1
29794,1
29795,1
29801,1
29824,1
29839,1
29853,1
29856,1
29857,1
29861,1
29864,1
29870,1
29884,1
29887,1
29914,1
29920,1
29941,1
29946,1
29952,1
29956,1
29961,1
29968,1
29976,1
30001,1
30017,1
30023,1
30032,1
30061,1
30069,1
30079,1
30080,1
30082,1
30107,1
30115,1
30125,1
30139,1
30152,1
30164,1
30173,1
30179,1
30181,1
30182,1
30205,1
30208,1
30215,1
30230,1
30257,1
30269,1
30271,1
30277,1
30292,1
30303,1
30307,1
30309,1
30316,1
30317,1
30332,1
30339,1
30364,1
30392,1
30395,1
30408,2
30438,1
30468,1
30497,3
30538,1
30564,1
30566,1
30587,1
30593,1
30612,1
30632,1
30634,1
30642,1
30644,1
30646,1
30654,1
30658,1
30659,1
30670,2
30682,1
30704,1
30720,1
30730,1
30731,1
30733,1
30769,1
30775,1
30785,1
30799,1
30800,1
30802,1
30820,1
30830,1
30831,1
30837,1
30840,1
30844,1
30849,1
30852,1
30856,1
30858,1
30891,1
30910,1
30959,2
30960,1
30964,1
30969,1
30976,1
30982,1
30996,1
31014,1
31015,1
31019,1
31020,1
31063,1
31069,1
31086,1
31090,1
31093,1
31128,1
31143,1
31157,1
31200,1
31201,1
31223,1
31229,1
31315,1
31319,1
31322,1
31330,1
31357,1
31360,1
31388,1
31396,1
31408,1
31426,1
31438,1
31444,1
31459,1
31467,1
31468,1
31479,1
31484,1
31485,1
31488,1
31516,1
31522,2
31538,1
31545,2
31563,1
31597,1
31613,1
31628,1
31630,1
31642,1
31662,1
31721,2
31724,1
31778,1
31854,1
31879,1
31881,1
31895,1
31912,1
31928,1
31948,1
31950,1
31970,1
31993,1
31997,1
31999,1
32007,1
32027,1
32048,1
32068,1
32124,1
32154,1
32161,1
32168,1
32174,1
32177,1
32178,1
32185,1
32190,1
32192,1
32200,1
32210,1
32215,1
32216,1
32217,1
32231,1
32242,1
32244,1
32261,1
32264,1
32269,1
32277,1
32293,1
32295,1
32308,1
32316,1
32324,1
32335,1
32349,1
32366,1
32378,1
32393,1
32394,1
32442,1
32447,1
32455,1
32503,1
32524,1
32526,1
32534,1
32542,1
32550,1
32554,1
32555,1
32558,1
32574,1
32587,1
32588,1
32608,2
32618,1
32628,1
32639,1
32661,1
32666,1
32674,1
32705,1
32748,1
32756,1
32758,1
32772,1
32773,1
32779,1
32786,1
32791,1
32803,1
32812,1
32834,1
32838,1
32858,1
32870,1
32875,1
32911,1
32918,1
32925,2
32933,1
32943,1
32983,1
33024,1
33047,1
33048,2
33065,2
33075,1
33101,1
33108,1
33111,1
33116,1
33153,1
33158,1
33173,1
33176,1
33222,1
33223,1
33228,1
33231,1
33242,1
33284,1
33294,1
33301,1
33311,1
33319,1
33376,1
33378,1
33380,1
33388,1
33394,1
33421,1
33435,1
33489,1
33493,1
33502,1
33524,1
33552,1
33565,1
33577,1
33580,1
33604,1
33616,1
33624,1
33625,1
33629,1
33630,1
33652,1
33685,1
33703,1
33725,1
33829,1
33836,1
33851,1
33871,1
33880,1
33910,1
33915,1
33957,1
33977,1
34005,1
34013,1
34024,1
34029,1
34035,1
34037,1
34041,1
34075,1
34092,1
34100,1
34101,1
34108,1
34119,1
34138,1
34141,1
34146,1
34150,1
34182,1
34211,1
34213,1
34221,1
34228,1
34230,1
34255,1
34258,1
34283,1
34303,2
34306,1
34325,1
34337,1
34342,1
34380,1
34392,1
34405,1
34413,1
34438,1
34454,1
34490,1
34500,1
34504,1
34506,1
34508,1
34523,1
34534,1
34538,1
34554,1
34558,1
34566,1
34586,1
34594,1
34595,1
34617,1
34622,2
34631,1
34633,1
34680,1
34687,1
34713,1
34770,1
34777,1
34782,1
34790,1
34798,1
34859,1
34862,1
34896,1
34898,1
34913,1
34914,1
34925,1
34937,1
34951,2
34965,1
34968,1
34988,1
34992,1
35005,1
35046,1
35073,1
35080,1
35100,1
35104,1
35107,1
35114,1
35118,1
35165,1
35168,1
35175,1
35181,1
35185,1
35225,1
35242,1
35255,1
35268,2
35281,1
35308,1
35320,1
35327,1
35330,1
35400,1
35428,1
35432,1
35466,1
35504,1
35507,1
35512,1
35533,1
35568,1
35573,1
35588,1
35607,1
35611,1
35639,1
35646,1
35647,1
35655,1
35656,1
35657,1
35668,1
35680,1
35686,1
35691,1
35700,1
35746,1
35748,1
35750,1
35759,1
35762,1
35764,1
35837,1
35849,1
35888,1
35897,1
35900,1
35947,1
35960,1
35985,1
35986,1
36042,1
36067,1
36076,1
36096,1
36117,1
36124,1
36141,1
36145,1
36153,1
36195,1
36207,1
36215,1
36233,1
36253,1
36312,1
36366,1
36388,1
36418,1
36439,1
36451,1
36541,1
36586,1
36683,1
36693,1
36700,1
36705,1
36716,1
36753,1
36765,1
36766,1
36771,1
36772,1
36777,1
36785,1
36787,1
36831,1
36909,1
36927,1
36951,1
36987,1
36997,1
37021,1
37035,1
37057,1
37065,1
37071,1
37082,1
37100,1
37142,1
37157,1
37182,1
37184,1
37205,1
37206,1
37207,1
37216,1
37223,1
37230,1
37290,1
37298,1
37322,1
37352,1
37363,1
37364,1
37386,1
37395,1
37396,1
37426,1
37438,1
37450,1
37463,1
37465,1
37488,1
37493,1
37518,1
37546,1
37552,1
37554,1
37600,1
37611,1
37658,1
37669,1
37719,1
37807,1
37829,1
37841,1
37844,1
37853,1
37865,1
37928,1
37935,1
38008,1
38021,1
38041,1
38078,1
38088,1
38100,1
38108,1
38111,1
38112,1
38129,1
38181,1
38199,1
38204,1
38215,1
38254,1
38309,1
38310,1
38316,1
38366,1
38369,1
38381,1
38394,1
38402,1
38412,1
38437,1
38475,1
38482,1
38487,1
38489,1
38503,1
38521,1
38526,1
38568,1
38582,1
38605,1
38698,1
38706,1
38721,1
38763,2
38798,2
38827,1
38836,1
38877,1
38878,1
38947,1
38948,2
38966,1
39004,1
39011,1
39032,1
39040,1
39060,1
39068,1
39123,1
39153,1
39154,1
39156,1
39163,1
39164,1
39186,1
39239,1
39261,1
39266,1
39306,1
39325,1
39333,1
39343,1
39353,1
39371,1
39397,1
39524,1
39541,1
39542,1
39544,1
39552,1
39566,1
39583,1
39604,1
39630,1
39694,1
39712,1
39795,1
39810,1
39843,1
39874,1
39929,1
39955,1
39965,1
39974,1
39975,1
40000,2
40063,1
40119,1
40143,1
40221,1
40237,1
40249,1
40250,1
40265,1
40328,1
40346,1
40366,1
40378,1
40401,1
40403,1
40424,1
40470,1
40506,1
40509,1
40559,2
40646,1
40674,1
40728,1
40754,1
40819,1
40836,1
40845,1
40855,1
40859,1
40865,1
40890,1
40931,1
40977,1
41004,1
41069,1
41071,1
41082,1
41091,1
41097,1
41147,1
41160,1
41202,1
41223,1
41235,1
41249,1
41268,1
41365,1
41386,1
41420,1
41462,1
41509,1
41541,1
41542,1
41561,1
41606,1
41628,1
41651,1
41664,1
41665,1
41668,1
41688,1
41710,1
41803,1
41845,1
41908,1
41927,1
41941,1
41975,1
42014,1
42099,1
42180,1
42193,1
42200,1
42205,1
42218,1
42271,1
42293,1
42295,1
42334,1
42343,1
42440,1
42462,1
42545,1
42589,1
42610,1
42749,1
42769,1
42909,1
42970,1
43017,1
43051,1
43181,1
43190,1
43237,1
43250,1
43301,1
43306,1
43322,1
43346,1
43348,1
43419,1
43424,1
43448,1
43538,1
43597,1
43674,1
43713,1
43745,1
43761,1
43763,1
43801,1
43836,1
43928,1
43949,1
43983,1
43987,1
44075,2
44134,1
44363,1
44402,1
44425,1
44462,1
44465,1
44518,1
44550,1
44579,1
44695,1
44736,1
44750,1
44903,1
44972,1
45023,1
45050,1
45055,1
45123,1
45134,1
45163,1
45249,1
45316,1
45331,1
45333,1
45342,1
45394,1
45405,1
45443,1
45455,1
45536,1
45543,1
45642,1
45644,1
45682,1
45720,1
45737,1
45792,1
45805,1
45930,1
45960,1
45979,1
46016,1
46182,1
46204,1
46205,1
46251,1
46262,1
46441,1
46485,1
46594,1
46606,1
46636,1
46647,1
46685,1
46698,1
46798,1
46852,1
46958,1
46962,1
47001,1
47014,1
47022,1
47052,1
47060,1
47104,1
47115,1
47243,1
47293,1
47387,1
47418,1
47495,1
47587,1
47640,1
47707,1
47820,1
47958,1
48076,1
48082,1
48187,1
48201,1
48266,1
48283,1
48308,1
48330,1
48458,1
48481,1
48483,1
48494,1
48500,1
48532,1
48544,1
48675,1
48695,1
48724,1
48726,1
48745,1
48902,1
48946,1
48983,1
49008,1
49324,1
49477,1
49507,1
49520,1
49636,1
49745,1
49826,2
49854,1
49868,1
49976,1
50017,1
50026,1
50295,1
50317,1
50418,1
50482,1
50484,1
50502,1
50523,1
50587,1
50591,1
50704,1
50755,1
50798,1
50817,1
50923,1
51030,1
51044,1
51087,1
51119,1
51122,1
51184,1
51200,1
51205,1
51272,1
51367,1
51381,1
51392,1
51490,1
51528,1
51553,1
51568,1
51574,1
51628,1
51672,1
51679,1
51690,1
51693,1
51707,1
51722,1
51723,1
51739,1
51755,1
51766,1
51817,1
51838,1
51873,1
51882,1
51887,1
51903,1
51907,1
51922,1
51940,1
51949,1
51978,1
51985,1
52001,1
52002,1
52042,1
52049,1
52050,1
52066,1
52089,1
52095,1
52115,1
52122,1
52126,1
52128,1
52130,1
52134,1
52141,1
52143,1
52149,1
52156,1
52159,1
52160,1
52164,1
52165,1
52174,1
52175,1
52186,1
52187,1
52193,1
52196,1
52209,1
52235,1
52246,1
52250,1
52252,1
52255,1
52258,1
52267,1
52275,1
52282,1
52286,1
52294,1
52305,1
52312,1
52324,1
52331,1
52339,1
52345,1
52349,1
52367,1
52384,1
52387,1
52390,1
52395,1
52403,1
52406,2
52416,1
52425,1
52430,2
52433,1
52443,1
52455,1
52470,1
52473,1
52474,1
52487,1
52496,1
52499,1
52500,1
52502,1
52512,1
52528,1
52529,1
52544,1
52545,1
52552,1
52553,1
52558,1
52560,1
52565,1
52569,1
52572,1
52575,1
52593,1
52601,2
52602,1
52604,1
52609,1
52610,1
52611,1
52615,1
52635,1
52640,1
52658,1
52675,1
52688,1
52691,1
52703,1
52706,1
52721,1
52722,1
52728,1
52735,1
52737,1
52751,1
52752,1
52767,1
52769,2
52774,1
52786,1
52823,1
52837,1
52841,1
52842,1
52850,1
52851,1
52855,1
52859,1
52860,1
52862,1
52863,1
52871,1
52879,1
52896,1
52899,1
52904,1
52905,2
52910,1
52913,1
52916,1
52933,1
52936,1
52938,1
52939,1
52952,1
52959,2
52967,1
52971,1
52990,1
53002,1
53013,1
53015,1
53020,1
53022,1
53024,1
53030,1
53037,1
53042,1
53052,1
53060,1
53075,1
53077,1
53086,1
53107,1
53109,1
53132,1
53136,1
53145,1
53161,1
53168,1
53171,1
53174,1
53199,1
53207,1
53215,1
53221,1
53222,1
53224,1
53231,1
53233,1
53234,1
53237,1
53240,1
53247,2
53274,1
53287,1
53289,1
53300,2
53301,1
53306,1
53320,1
53324,1
53333,1
53334,1
53342,1
53364,1
53365,1
53378,1
53381,1
53387,1
53392,1
53404,1
53407,1
53408,2
53429,1
53430,1
53431,1
53432,1
53434,1
53439,1
53440,1
53444,1
53448,1
53465,1
53468,1
53473,1
53484,2
53495,1
53503,1
53508,1
53513,1
53514,1
53515,1
53525,1
53531,1
53543,1
53552,1
53553,1
53557,1
53561,1
53562,1
53564,1
53577,1
53581,1
53585,1
53587,1
53596,1
53598,1
53604,1
53608,1
53611,1
53617,1
53625,1
53629,1
53632,1
53635,1
53654,1
53666,1
53674,1
53675,1
53676,1
53678,1
53681,1
53683,1
53685,1
53687,1
53700,1
53708,1
53710,1
53712,1
53719,2
53722,1
53726,1
53733,1
53734,1
53737,1
53738,1
53745,1
53746,1
53753,2
53762,1
53764,1
53775,1
53787,1
53788,1
53791,2
53792,1
53797,1
53798,1
53805,1
53808,1
53811,1
53830,1
53838,1
53842,1
53843,1
53844,1
53845,1
53850,2
53856,1
53859,1
53862,1
53865,1
53869,1
53878,1
53885,1
53886,2
53899,1
53902,1
53912,1
53914,1
53915,1
53920,1
53921,1
53925,1
53935,1
53943,2
53945,1
53946,2
53948,1
53950,1
53952,1
53953,1
53957,1
53960,1
53961,1
53964,1
53966,1
53972,1
53979,1
53981,1
53982,2
53984,2
53988,1
53992,1
53993,2
54000,2
54003,2
54012,1
54015,1
54016,1
54017,1
54018,1
54026,1
54036,1
54040,1
54043,2
54046,1
54049,1
54051,1
54056,1
54060,1
54062,1
54063,1
54066,1
54073,1
54074,1
54079,1
54082,1
54092,3
54094,1
54105,1
54107,1
54110,1
54114,2
54118,1
54123,1
54124,1
54125,1
54134,1
54138,1
54144,2
54145,1
54146,1
54150,1
54151,1
54167,1
54175,1
54176,1
54180,1
54181,1
54188,1
54194,2
54201,1
54202,1
54208,2
54215,1
54219,1
54223,1
54226,1
54243,1
54254,1
54260,1
54274,1
54279,1
54282,1
54306,1
54308,1
54309,1
54321,1
54323,2
54329,1
54334,1
54336,2
54354,1
54355,1
54359,1
54372,1
54384,1
54388,1
54391,1
54413,1
54417,1
54418,1
54422,1
54427,1
54429,1
54435,1
54443,1
54448,1
54497,1
54511,1
54518,1
54520,1
54525,1
54532,1
54577,1
54599,1
54604,1
54609,1
54611,2
54621,1
54631,1
54633,1
54680,1
54681,1
54690,1
54696,1
54725,1
54735,1
54740,1
54748,1
54767,1
54792,1
54793,1
54803,1
54808,1
54834,1
54837,1
54864,1
54883,1
54884,1
54905,1
54915,1
54927,1
54929,1
54930,1
54953,1
54956,2
54966,1
54979,1
54984,1
55035,1
55036,1
55077,1
55106,1
55107,1
55159,1
55189,1
55215,1
55386,1
55424,1
55479,1
55495,1
55575,1
55651,1
55714,1
55746,1
55800,1
55957,1
56003,1
56017,1
56051,1
56056,1
56074,1
56099,1
56114,1
56200,1
56205,1
56253,1
56268,1
56370,1
56599,1
56679,1
57069,1
57143,1
57144,1
57171,1
57409,1
57428,1
57478,1
57558,1
57682,1
57721,1
58043,1
58222,1
58744,1
58789,1
58923,1
59496,1
59600,1
59794,1
59880,1
59950,1
60000,1
60079,1
60242,1
60550,1
61009,1
61201,1
61387,1
61522,1
61538,1
61814,1
61858,1
62119,1
62184,1
62733,1
62865,1
62869,1
63005,1
63107,1
63169,1
63462,1
63504,1
63784,1
63896,1
64293,1
64517,1
64651,1
64771,1
65245,1
65272,1
65993,1
66031,1
66923,1
67018,1
67351,1
67681,1
67713,1
67750,1
68521,1
68625,1
69126,1
69730,1
69769,1
70129,1
70777,1
70882,1
71194,1
71217,1
71784,1
72093,1
72106,1
72305,1
72342,1
72910,1
73466,1
74315,1
74372,1
74385,1
74784,1
76242,1
76430,1
76985,1
77534,1
77681,1
78180,1
78805,1
79222,1
79443,1
80297,1
81245,1
81875,1
81956,1
82135,1
82792,1
82875,1
84745,1
86722,1
88196,1
88469,1
89194,1
89459,1
90394,1
92276,1
96201,1
96219,1
97453,1
98760,1
101713,1
102251,1
102698,1
103080,1
103612,1
107533,1
108090,1
153631,1
